OBJECTID,ls_count,x_ctr,y_ctr,
1,0,417887.3553,2799928.809,
2,0,429487.9096,2794016.964,
3,0,431887.3553,2787928.809,
4,0,392887.3553,2780928.809,
5,0,420887.3553,2816928.809,
6,0,412887.3553,2808928.809,
7,0,432887.3553,2781928.809,
118,86,407887.3553,2753928.809,0.013349891
9,0,390887.3553,2773928.809,
10,0,430408.1458,2795406.2,
11,0,416887.3553,2801928.809,
12,0,423887.3553,2777928.809,
13,0,406887.3553,2802928.809,
14,0,423887.3553,2781928.809,
15,0,398893.2591,2806933.907,
16,0,405887.3553,2774928.809,
17,0,397887.3553,2775928.809,
18,0,408887.3553,2768928.809,
19,0,418887.3553,2773928.809,
20,0,412887.3553,2793928.809,
21,0,409887.3553,2765928.809,
22,0,414887.3553,2791928.809,
1247,69,402887.3553,2753928.809,0.010710959
24,0,425887.3553,2764928.809,
25,0,412887.3553,2772928.809,
26,0,425887.3553,2791928.809,
516,63,403887.3553,2752928.809,0.009779572
28,0,396887.3553,2793928.809,
29,0,418887.3553,2768928.809,
30,0,411887.3553,2793928.809,
1870,62,406887.3553,2750928.809,0.00962434
32,0,405887.3553,2791928.809,
33,0,404887.3553,2792928.809,
34,0,389887.3553,2768928.809,
35,0,423887.3553,2785928.809,
36,0,421887.3553,2799928.809,
37,0,416887.3553,2784928.809,
38,0,420887.3553,2782928.809,
39,0,410887.3553,2805928.809,
459,55,414887.3553,2757928.809,0.008537721
41,0,400887.3553,2761928.809,
42,0,436436.1886,2750970.48,
43,0,426887.3553,2780928.809,
44,0,387887.3553,2777928.809,
45,0,400250.107,2816774.686,
2846,55,407887.3553,2750928.809,0.008537721
47,0,422887.3553,2751928.809,
48,0,405887.3553,2790928.809,
49,0,401887.3553,2776928.809,
50,0,400887.3553,2766928.809,
51,0,390887.3553,2787928.809,
2727,54,415887.3553,2757928.809,0.00838249
53,0,408887.3553,2767928.809,
54,0,422160.2273,2743352.44,
55,0,396859.5114,2798576.34,
56,0,405887.3553,2805928.809,
57,0,420887.3553,2793928.809,
58,0,416887.3553,2799928.809,
59,0,424887.3553,2785928.809,
60,0,387653.8182,2761848.688,
61,0,403887.3553,2790928.809,
62,0,427495.379,2764918.944,
63,0,412887.3553,2767928.809,
64,0,420887.3553,2769928.809,
65,0,386309.5044,2766251.442,
66,0,399275.7853,2799634.066,
67,0,409887.3553,2761928.809,
68,0,393887.3553,2762928.809,
69,0,396887.3553,2763928.809,
70,0,407887.3553,2779928.809,
71,0,398887.3553,2761928.809,
72,0,428802.8384,2798992.84,
2464,53,414887.3553,2754928.809,0.008227259
74,0,431861.7309,2788598.047,
75,0,423078.7284,2744810.588,
76,0,427887.3553,2779928.809,
77,0,418887.3553,2803928.809,
78,0,414887.3553,2803928.809,
79,0,408887.3553,2777928.809,
1557,52,405887.3553,2751928.809,0.008072027
81,0,394887.3553,2795928.809,
82,0,405887.3553,2765928.809,
83,0,426886.1203,2815927.614,
1402,51,408887.3553,2754928.809,0.007916796
85,0,418120.9941,2751153.978,
86,0,401887.3553,2781928.809,
1629,51,405887.3553,2753928.809,0.007916796
88,0,388887.3553,2786928.809,
89,0,397973.7692,2797796.048,
90,0,415011.6602,2818590.838,
91,0,401887.3553,2784928.809,
92,0,412887.3553,2802928.809,
93,0,408887.3553,2770928.809,
94,0,392887.3553,2757928.809,
95,0,401887.3553,2804928.809,
96,0,399887.3553,2804928.809,
97,0,407887.3553,2793928.809,
2136,51,404887.3553,2752928.809,0.007916796
99,0,420887.3553,2810928.809,
100,0,415887.3553,2802928.809,
101,0,411887.3553,2809928.809,
738,50,409887.3553,2754928.809,0.007761565
103,0,397887.3553,2764928.809,
104,0,401887.3553,2805928.809,
105,0,420887.3553,2788928.809,
106,0,397887.3553,2770928.809,
667,48,402994.5912,2752975.757,0.007451102
108,0,401887.3553,2785928.809,
109,0,402887.3553,2788928.809,
110,0,412887.3553,2798928.809,
111,0,402887.3553,2773928.809,
112,0,409887.3553,2809928.809,
113,0,389219.7225,2791482.255,
114,0,405887.3553,2787928.809,
115,0,395887.3553,2783928.809,
1643,48,407887.3553,2752928.809,0.007451102
117,0,406887.3553,2781928.809,
2752,47,410887.3553,2757928.809,0.007295871
119,0,424887.3553,2815928.809,
120,0,422887.3553,2798928.809,
121,0,398887.3553,2787928.809,
122,0,401887.3553,2792928.809,
123,0,421887.3553,2753928.809,
124,0,404887.3553,2803928.809,
125,0,427918.8993,2777073.983,
126,0,406887.3553,2812928.809,
127,0,418887.3553,2786928.809,
128,0,404887.3553,2777928.809,
129,0,426887.3553,2761928.809,
130,0,400887.3553,2795928.809,
472,46,432887.3553,2757928.809,0.00714064
132,0,388889.3017,2758930.791,
133,0,404887.3553,2787928.809,
891,46,411887.3553,2756928.809,0.00714064
135,0,418887.3553,2770928.809,
136,0,420032.3229,2749183.352,
137,0,423887.3553,2776928.809,
138,0,422887.3553,2787928.809,
139,0,425887.3553,2772928.809,
140,0,406887.3553,2787928.809,
2810,45,432887.3553,2748928.809,0.006985408
142,0,411887.3553,2802928.809,
143,0,413887.3553,2768928.809,
144,0,428392.7934,2743427.365,
145,0,396887.3553,2756928.809,
146,0,406887.3553,2780928.809,
187,43,411887.3553,2757928.809,0.006674946
148,0,403887.3553,2763928.809,
149,0,394887.3553,2770928.809,
150,0,408887.3553,2773928.809,
151,0,410887.3553,2780928.809,
152,0,404887.3553,2770928.809,
153,0,407887.3553,2775928.809,
154,0,410887.3553,2790928.809,
155,0,384367.8,2786152.638,
363,43,406887.3553,2749928.809,0.006674946
157,0,422887.3553,2785928.809,
158,0,418887.3553,2787928.809,
159,0,415887.3553,2813928.809,
2052,43,405887.3553,2752928.809,0.006674946
161,0,415887.3553,2780928.809,
792,42,422887.3553,2748928.809,0.006519714
163,0,408887.3553,2808928.809,
2450,41,403892.3559,2751933.07,0.006364483
165,0,408887.3553,2762928.809,
166,0,408887.3553,2799928.809,
167,0,426846.8848,2816889.061,
168,0,403887.3553,2803928.809,
169,0,433887.3553,2751928.809,
279,40,416887.3553,2754928.809,0.006209252
171,0,422887.3553,2752928.809,
172,0,435887.3553,2783928.809,
173,0,388887.3553,2776928.809,
174,0,392887.3553,2765928.809,
703,40,412887.3553,2755928.809,0.006209252
176,0,407887.3553,2809928.809,
177,0,426887.3553,2782928.809,
178,0,429887.3553,2782928.809,
1940,40,407887.3553,2754928.809,0.006209252
180,0,399887.3553,2788928.809,
181,0,392887.3553,2761928.809,
182,0,429887.3553,2795928.809,
1101,39,413887.3553,2756928.809,0.00605402
184,0,402887.3553,2808928.809,
1805,39,420887.3553,2758928.809,0.00605402
2458,39,416887.3553,2758928.809,0.00605402
869,38,403887.3553,2753928.809,0.005898789
188,0,397887.3553,2758928.809,
189,0,413887.3553,2772928.809,
2479,38,423887.3553,2748928.809,0.005898789
1082,37,417887.3553,2758928.809,0.005743558
192,0,388887.3553,2766928.809,
193,0,402887.3553,2805928.809,
194,0,424887.3553,2792928.809,
195,0,389859.6938,2769896.888,
196,0,414887.3553,2776928.809,
197,0,413887.3553,2809928.809,
198,0,404887.3553,2799928.809,
199,0,424887.3553,2803928.809,
200,0,399887.3553,2789928.809,
201,0,424887.3553,2777928.809,
202,0,426887.3553,2797928.809,
2513,37,427887.3553,2759928.809,0.005743558
204,0,434455.2051,2786507.97,
162,36,424887.3553,2748928.809,0.005588327
206,0,398960.985,2804017.211,
207,0,405887.3553,2811928.809,
208,0,425887.3553,2763928.809,
2776,36,415887.3553,2756928.809,0.005588327
210,0,409887.3553,2805928.809,
211,0,417887.3553,2771928.809,
212,0,403887.3553,2793928.809,
213,0,403887.3553,2787928.809,
448,35,406887.3553,2752928.809,0.005433095
2782,35,421887.3553,2747928.809,0.005433095
216,0,391887.3553,2759928.809,
217,0,390887.3553,2763928.809,
218,0,427887.3553,2784928.809,
219,0,423887.3553,2752928.809,
220,0,428558.8345,2770730.395,
102,34,412887.3553,2756928.809,0.005277864
222,0,398887.3553,2790928.809,
223,0,391887.3553,2790928.809,
224,0,399158.446,2801675.384,
1080,33,423887.3553,2747928.809,0.005122633
226,0,417887.3553,2811928.809,
227,0,387900.9689,2780938.482,
228,0,406887.3553,2791928.809,
1676,33,406887.3553,2753928.809,0.005122633
230,0,422887.3553,2806928.809,
231,0,422887.3553,2795928.809,
232,0,427411.9348,2765445.119,
233,0,419887.3553,2776928.809,
234,0,410887.3553,2792928.809,
235,0,407887.3553,2759928.809,
1767,33,415887.3553,2758928.809,0.005122633
561,32,410887.3553,2756928.809,0.004967401
863,32,406887.3553,2751928.809,0.004967401
239,0,393887.3553,2769928.809,
240,0,404887.3553,2788928.809,
241,0,425887.3553,2781928.809,
242,0,426809.0607,2773876.125,
243,0,399886.6694,2810928.099,
244,0,430887.3553,2787928.809,
2045,32,409887.3553,2755928.809,0.004967401
246,0,415887.3553,2804928.809,
247,0,402887.3553,2760928.809,
248,0,415887.3553,2779928.809,
249,0,387274.2245,2765380.658,
845,31,405887.3553,2750928.809,0.00481217
251,0,414887.3553,2777928.809,
252,0,421887.3553,2807928.809,
253,0,425887.3553,2773928.809,
254,0,404887.3553,2763928.809,
255,0,405887.3553,2799928.809,
256,0,389887.3553,2778928.809,
257,0,392887.3553,2783928.809,
258,0,412887.3553,2803928.809,
259,0,414887.3553,2787928.809,
260,0,389887.3553,2758928.809,
261,0,411887.3553,2774928.809,
262,0,410887.3553,2770928.809,
263,0,411887.3553,2764928.809,
264,0,421887.3553,2780928.809,
1988,31,413887.3553,2754928.809,0.00481217
266,0,394887.3553,2779928.809,
2057,31,417887.3553,2757928.809,0.00481217
268,0,403887.3553,2758928.809,
269,0,410887.3553,2810928.809,
270,0,430887.3553,2780928.809,
271,0,398887.3553,2789928.809,
272,0,387887.3553,2783928.809,
273,0,393887.3553,2778928.809,
274,0,402887.3553,2789928.809,
2329,31,408887.3553,2753928.809,0.00481217
276,0,409887.3553,2785928.809,
277,0,408887.3553,2785928.809,
278,0,424887.3553,2807928.809,
2379,30,410887.3553,2755928.809,0.004656939
362,28,411887.3553,2755928.809,0.004346476
281,0,428887.3553,2812928.809,
282,0,411887.3553,2807928.809,
283,0,412887.3553,2779928.809,
579,28,416887.3553,2759928.809,0.004346476
285,0,415887.3553,2778928.809,
286,0,425887.3553,2793928.809,
287,0,392939.7863,2757066.969,
715,28,433887.3553,2758928.809,0.004346476
289,0,418887.3553,2807928.809,
290,0,423887.3553,2791928.809,
291,0,390887.3553,2782928.809,
292,0,401887.3553,2762928.809,
293,0,413887.3553,2797928.809,
294,0,402887.3553,2784928.809,
295,0,395887.3553,2772928.809,
296,0,428851.6511,2797883.465,
297,0,419335.1928,2749400.029,
298,0,391887.3553,2779928.809,
299,0,408887.3553,2796928.809,
785,28,404887.3553,2753928.809,0.004346476
301,0,406887.3553,2759928.809,
302,0,394887.3553,2793928.809,
303,0,422887.3553,2812928.809,
304,0,431898.5444,2761914.853,
305,0,400887.3553,2787928.809,
306,0,403887.3553,2780928.809,
307,0,409887.3553,2794928.809,
1737,28,427887.3553,2758928.809,0.004346476
309,0,426887.3553,2764928.809,
310,0,386887.3553,2761928.809,
311,0,414887.3553,2813928.809,
312,0,420887.3553,2770928.809,
313,0,395887.3553,2780928.809,
314,0,396887.3553,2776928.809,
315,0,417887.3553,2781928.809,
308,27,417887.3553,2755928.809,0.004191245
1759,27,426887.3553,2759928.809,0.004191245
318,0,395887.3553,2769928.809,
319,0,407887.3553,2812928.809,
320,0,418887.3553,2785928.809,
321,0,407887.3553,2789928.809,
2627,27,429887.3553,2756928.809,0.004191245
323,0,420887.3553,2787928.809,
324,0,407887.3553,2777928.809,
325,0,410887.3553,2791928.809,
326,0,403887.3553,2801928.809,
531,26,408887.3553,2751928.809,0.004036014
328,0,398887.3553,2755928.809,
329,0,403887.3553,2794928.809,
1120,26,408887.3553,2752928.809,0.004036014
331,0,396887.3553,2773928.809,
332,0,411887.3553,2790928.809,
2077,26,416887.3553,2757928.809,0.004036014
334,0,413887.3553,2807928.809,
335,0,425887.3553,2783928.809,
336,0,415887.3553,2774928.809,
337,0,416887.3553,2793928.809,
338,0,415887.3553,2794928.809,
339,0,424887.3553,2779928.809,
340,0,389848.039,2761883.28,
341,0,417887.3553,2806928.809,
342,0,393887.3553,2789928.809,
343,0,419887.3553,2797928.809,
344,0,401887.3553,2801928.809,
345,0,411887.3553,2761928.809,
346,0,407887.3553,2806928.809,
347,0,415887.3553,2789928.809,
348,0,396887.3553,2777928.809,
349,0,412887.3553,2766928.809,
350,0,404887.3553,2797928.809,
351,0,392887.3553,2773928.809,
352,0,403887.3553,2785928.809,
353,0,420887.3553,2786928.809,
354,0,412914.6024,2814338.548,
355,0,404887.3553,2781928.809,
356,0,396887.3553,2795928.809,
357,0,416887.3553,2786928.809,
358,0,404887.3553,2808928.809,
2163,26,424887.3553,2749928.809,0.004036014
2351,26,414887.3553,2756928.809,0.004036014
361,0,386911.2026,2789547.336,
250,25,430887.3553,2748928.809,0.003880782
1332,25,412887.3553,2757928.809,0.003880782
2165,25,425887.3553,2756928.809,0.003880782
365,0,402887.3553,2796928.809,
366,0,387887.3553,2784928.809,
367,0,415887.3553,2771928.809,
368,0,391887.3553,2768928.809,
369,0,431887.3553,2780928.809,
370,0,429887.3553,2778928.809,
371,0,390887.3553,2789928.809,
372,0,416887.3553,2807928.809,
373,0,413887.3553,2798928.809,
374,0,406751.9772,2815788.29,
375,0,433757.7808,2781135.393,
376,0,423887.3553,2809928.809,
377,0,421887.3553,2803928.809,
378,0,406887.3553,2800928.809,
379,0,417887.3553,2809928.809,
380,0,422887.3553,2754928.809,
381,0,403887.3553,2802928.809,
382,0,419887.3553,2800928.809,
383,0,419887.3553,2782928.809,
384,0,409887.3553,2795928.809,
385,0,396887.3553,2786928.809,
386,0,388950.7721,2769835.934,
387,0,408887.3553,2786928.809,
388,0,435846.3264,2782146.494,
52,24,418887.3553,2755928.809,0.003725551
390,0,436887.3553,2783928.809,
474,24,411887.3553,2753928.809,0.003725551
392,0,428887.3553,2780928.809,
393,0,399887.3553,2794928.809,
394,0,421887.3553,2754928.809,
395,0,423887.3553,2750928.809,
501,24,409887.3553,2757928.809,0.003725551
534,24,429833.2232,2744988.681,0.003725551
398,0,413887.3553,2811928.809,
399,0,422845.7253,2818925.978,
1393,24,407887.3553,2756928.809,0.003725551
1997,24,428887.3553,2745928.809,0.003725551
402,0,419887.3553,2766928.809,
403,0,393887.3553,2757928.809,
404,0,386949.3047,2777997.372,
405,0,414969.0866,2815816.207,
406,0,386738.9749,2768519.122,
407,0,414887.3553,2795928.809,
408,0,401887.3553,2791928.809,
409,0,425887.3553,2795928.809,
410,0,393887.3553,2787928.809,
411,0,402428.6334,2817362.43,
412,0,398702.3111,2754309.06,
413,0,432183.1003,2762554.058,
414,0,391887.3553,2771928.809,
415,0,401887.3553,2802928.809,
416,0,400887.3553,2764928.809,
417,0,385887.3553,2784928.809,
418,0,427524.323,2773558.749,
419,0,398887.3553,2770928.809,
2616,24,416887.3553,2753928.809,0.003725551
421,0,408887.3553,2774928.809,
422,0,424887.3553,2794928.809,
423,0,433730.6513,2762683.607,
424,0,402887.3553,2799928.809,
425,0,424887.3553,2813928.809,
2642,24,408887.3553,2757928.809,0.003725551
427,0,422887.3553,2791928.809,
428,0,395887.3553,2794928.809,
429,0,416887.3553,2778928.809,
430,0,419887.3553,2771928.809,
431,0,393888.3284,2756929.829,
432,0,423438.5889,2819324.475,
433,0,406887.3553,2761928.809,
434,0,419937.0949,2818726.097,
435,0,400887.3553,2765928.809,
436,0,427887.3553,2812928.809,
437,0,405887.3553,2780928.809,
438,0,425826.6315,2817642.562,
439,0,402887.3553,2768928.809,
440,0,408887.3553,2761928.809,
441,0,426887.3553,2787928.809,
46,23,429887.3553,2757928.809,0.00357032
443,0,405887.3553,2810928.809,
160,23,413887.3553,2757928.809,0.00357032
445,0,426887.3553,2798928.809,
446,0,398887.3553,2766928.809,
447,0,399887.3553,2762928.809,
284,23,409887.3553,2753928.809,0.00357032
987,23,421879.0543,2746936.98,0.00357032
450,0,412029.0109,2815590.957,
451,0,424887.3553,2784928.809,
452,0,408887.3553,2801928.809,
453,0,385887.3553,2785928.809,
454,0,402887.3553,2807928.809,
455,0,386199.8307,2767862.543,
456,0,425887.3553,2792928.809,
457,0,404887.3553,2794928.809,
458,0,411887.3553,2768928.809,
1852,23,408887.3553,2755928.809,0.00357032
460,0,434860.7453,2785855.702,
461,0,420887.3553,2790928.809,
462,0,397887.3553,2796928.809,
463,0,399887.3553,2777928.809,
464,0,389111.9476,2758041.064,
465,0,391887.3553,2776928.809,
466,0,416887.3553,2770928.809,
1883,23,406887.3553,2754928.809,0.00357032
468,0,408887.3553,2794928.809,
469,0,406887.3553,2769928.809,
470,0,390922.4365,2760887.71,
1962,23,428887.3553,2760928.809,0.00357032
2233,23,407887.3553,2751928.809,0.00357032
473,0,395720.6412,2756285.798,
23,22,428887.3553,2758928.809,0.003415088
475,0,425887.3553,2814928.809,
476,0,398887.3553,2765928.809,
477,0,397887.3553,2778928.809,
186,22,408887.3553,2756928.809,0.003415088
479,0,403887.3553,2784928.809,
480,0,418887.3553,2767928.809,
481,0,406887.3553,2794928.809,
482,0,395887.3553,2765928.809,
483,0,413887.3553,2774928.809,
484,0,423887.3553,2766928.809,
485,0,421887.3553,2767928.809,
486,0,426887.3553,2811928.809,
487,0,400887.3553,2775928.809,
205,22,431887.3553,2758928.809,0.003415088
489,0,413887.3553,2778928.809,
490,0,424887.3553,2776928.809,
491,0,419887.3553,2792928.809,
492,0,411887.3553,2779928.809,
493,0,411887.3553,2795928.809,
494,0,417887.3553,2800928.809,
495,0,404887.3553,2762928.809,
496,0,398887.3553,2768928.809,
497,0,420887.3553,2807928.809,
498,0,392887.3553,2791928.809,
499,0,390887.3553,2777928.809,
500,0,408887.3553,2805928.809,
215,22,414887.3553,2758928.809,0.003415088
502,0,392887.3553,2786928.809,
503,0,395887.3553,2781928.809,
504,0,398887.3553,2783928.809,
505,0,421887.3553,2793928.809,
506,0,400887.3553,2769928.809,
507,0,402887.3553,2813928.809,
508,0,393887.3553,2785928.809,
509,0,404887.3553,2758928.809,
510,0,402887.3553,2810928.809,
511,0,435887.3553,2784928.809,
512,0,431887.3553,2786928.809,
513,0,422887.3553,2813928.809,
514,0,404887.3553,2766928.809,
515,0,400887.3553,2791928.809,
467,22,432887.3206,2746928.844,0.003415088
517,0,416887.3553,2804928.809,
518,0,398887.3553,2778928.809,
519,0,412887.3553,2804928.809,
520,0,402887.3553,2798928.809,
521,0,406887.3553,2763928.809,
522,0,395887.3553,2776928.809,
523,0,416887.3553,2811928.809,
524,0,406887.3553,2803928.809,
525,0,418887.3553,2791928.809,
526,0,412887.3553,2809928.809,
527,0,397887.3553,2769928.809,
528,0,422887.3553,2783928.809,
471,22,421887.3553,2758928.809,0.003415088
530,0,409887.3553,2799928.809,
633,22,419887.3553,2757928.809,0.003415088
532,0,389887.3553,2783928.809,
533,0,400890.6769,2815932.098,
1122,22,415887.3553,2754928.809,0.003415088
1893,22,418887.3553,2756928.809,0.003415088
536,0,414887.3553,2807928.809,
537,0,400989.0203,2817738.115,
538,0,412887.3553,2785928.809,
539,0,399887.3553,2805928.809,
540,0,420887.3553,2779928.809,
541,0,407887.3553,2778928.809,
542,0,421887.3553,2798928.809,
543,0,407887.3553,2765928.809,
544,0,389965.116,2757378.427,
545,0,399887.3553,2759928.809,
546,0,410887.3553,2794928.809,
547,0,412887.3553,2780928.809,
548,0,417517.7373,2819594.586,
549,0,428887.3553,2795928.809,
550,0,394755.6828,2797705.081,
551,0,426887.3553,2770928.809,
552,0,412887.3553,2807928.809,
2152,22,427887.3553,2760928.809,0.003415088
2187,22,405887.3553,2749928.809,0.003415088
555,0,411887.3553,2810928.809,
556,0,386290.0964,2778282.618,
557,0,397887.3553,2782928.809,
203,21,434887.3553,2758928.809,0.003259857
559,0,419887.3553,2763928.809,
560,0,394887.3553,2759928.809,
766,21,430887.3553,2749928.809,0.003259857
1057,21,429887.3553,2749928.809,0.003259857
563,0,392887.3553,2785928.809,
564,0,393887.3553,2773928.809,
565,0,384244.3279,2785125.578,
566,0,418887.3553,2784928.809,
567,0,415887.3553,2799928.809,
568,0,391057.1615,2772042.011,
569,0,418887.3553,2809928.809,
570,0,398887.3553,2794928.809,
571,0,424887.3553,2802928.809,
572,0,401887.3553,2757928.809,
573,0,389025.4677,2790858.271,
574,0,404887.3553,2773928.809,
575,0,423887.3553,2793928.809,
576,0,423887.3553,2808928.809,
577,0,430887.3553,2779928.809,
578,0,410887.3553,2766928.809,
1764,21,404887.3553,2750928.809,0.003259857
580,0,412264.9555,2814376.085,
581,0,427887.3553,2785928.809,
582,0,432887.3553,2784928.809,
583,0,417887.3553,2766928.809,
584,0,391887.3553,2763928.809,
585,0,417887.3553,2803928.809,
586,0,424887.3553,2798928.809,
1807,21,423887.3553,2749928.809,0.003259857
588,0,423887.3553,2772928.809,
589,0,391887.3553,2789928.809,
1846,21,430887.3553,2747928.809,0.003259857
591,0,387887.3553,2766928.809,
592,0,396887.3553,2760928.809,
593,0,403887.3553,2765928.809,
2394,21,418887.3553,2758928.809,0.003259857
2420,21,433887.3553,2757928.809,0.003259857
596,0,405887.3553,2802928.809,
597,0,422887.3553,2778928.809,
598,0,407887.3553,2807928.809,
98,20,417887.3553,2756928.809,0.003104626
600,0,401887.3553,2774928.809,
601,0,420887.3553,2796928.809,
602,0,408887.3553,2798928.809,
603,0,427887.3553,2794928.809,
604,0,394887.3553,2767928.809,
316,20,426887.3553,2760928.809,0.003104626
606,0,394887.3553,2775928.809,
607,0,432851.9282,2780994.235,
608,0,418887.3553,2765928.809,
420,20,431887.3553,2751928.809,0.003104626
610,0,410887.3553,2771928.809,
611,0,387322.4306,2781298.525,
740,20,431887.3553,2757928.809,0.003104626
613,0,420887.3553,2817928.809,
614,0,416887.3553,2785928.809,
615,0,386887.3553,2783928.809,
616,0,427887.3553,2797928.809,
617,0,386937.5358,2765982.288,
618,0,389887.3553,2788928.809,
619,0,386898.5764,2782939.336,
620,0,410887.3553,2793928.809,
621,0,427855.7473,2799653.856,
1224,20,413887.3553,2753928.809,0.003104626
1413,20,414887.3553,2750928.809,0.003104626
624,0,415887.3553,2793928.809,
625,0,429454.3523,2812315.83,
626,0,390887.3553,2757928.809,
627,0,418887.3553,2800928.809,
628,0,399887.3553,2791928.809,
1978,20,404887.3553,2751928.809,0.003104626
630,0,433887.3553,2784928.809,
631,0,398887.3553,2773928.809,
632,0,421887.3553,2766928.809,
2296,20,431887.3553,2746928.809,0.003104626
634,0,394887.3553,2765928.809,
635,0,400887.3553,2788928.809,
2719,20,415887.3553,2759928.809,0.003104626
637,0,390887.3553,2759928.809,
638,0,385225.5478,2789643.206,
639,0,390887.3553,2780928.809,
640,0,421887.3553,2781928.809,
641,0,408887.3553,2769928.809,
642,0,411887.3553,2787928.809,
2792,20,413887.3553,2758928.809,0.003104626
644,0,393887.3553,2759928.809,
645,0,406887.3553,2767928.809,
646,0,395887.3553,2761928.809,
647,0,418852.5138,2818752.977,
648,0,417887.3553,2788928.809,
649,0,403887.3553,2768928.809,
650,0,417887.3553,2776928.809,
651,0,430887.3553,2782928.809,
652,0,418887.3553,2769928.809,
653,0,402887.3553,2785928.809,
654,0,426887.3553,2809928.809,
655,0,422887.3553,2767928.809,
656,0,399898.9178,2799918.932,
657,0,423469.7509,2819510.31,
658,0,393887.3553,2791928.809,
659,0,409873.8267,2811915.489,
660,0,434887.3553,2784928.809,
599,19,433644.6053,2748924.882,0.002949395
662,0,424887.3553,2770928.809,
663,0,421887.3553,2752928.809,
664,0,412887.3553,2786928.809,
665,0,404887.3553,2790928.809,
704,19,411887.3553,2758928.809,0.002949395
1281,19,409887.3553,2756928.809,0.002949395
668,0,427887.3553,2796928.809,
669,0,409887.3553,2781928.809,
1377,19,416887.3553,2756928.809,0.002949395
671,0,415887.3553,2801928.809,
1572,19,430887.3553,2750928.809,0.002949395
673,0,438397.4819,2754462.553,
674,0,423887.3553,2803928.809,
675,0,403887.3553,2762928.809,
1884,19,430887.3553,2757928.809,0.002949395
677,0,409887.3553,2760928.809,
678,0,419887.3553,2817928.809,
679,0,415887.3553,2797928.809,
680,0,408887.3553,2789928.809,
681,0,417887.3553,2778928.809,
682,0,396887.3553,2759928.809,
683,0,423887.3553,2778928.809,
684,0,415887.3553,2783928.809,
1944,19,407887.3553,2755928.809,0.002949395
686,0,425887.3553,2797928.809,
687,0,413887.3553,2776928.809,
688,0,424887.3553,2772928.809,
2236,19,403906.6043,2750944.05,0.002949395
690,0,405887.3553,2783928.809,
691,0,405887.3553,2766928.809,
692,0,402887.3553,2795928.809,
693,0,390887.3553,2766928.809,
694,0,401887.3553,2759928.809,
695,0,414887.3553,2770928.809,
696,0,396887.3553,2790928.809,
697,0,423887.3553,2816928.809,
698,0,421887.3553,2813928.809,
699,0,416887.3553,2789928.809,
700,0,424887.3553,2766928.809,
701,0,421887.3553,2794928.809,
702,0,402887.3553,2781928.809,
2289,19,428887.3553,2757928.809,0.002949395
2292,19,430887.3553,2758928.809,0.002949395
397,18,419887.3553,2758928.809,0.002794163
706,0,431649.6661,2778940.426,
707,0,392887.3553,2790928.809,
708,0,436853.8518,2752077.292,
709,0,392887.3553,2788928.809,
710,0,407887.3553,2773928.809,
711,0,400887.3553,2774928.809,
712,0,423887.3553,2805928.809,
713,0,401887.3553,2765928.809,
590,18,417887.3553,2754928.809,0.002794163
1031,18,410887.3553,2752928.809,0.002794163
716,0,410887.3553,2778928.809,
1129,18,418887.3553,2752928.809,0.002794163
718,0,422887.3553,2771928.809,
719,0,421887.3553,2763928.809,
720,0,404887.3553,2771928.809,
721,0,405887.3553,2808928.809,
722,0,388887.3553,2781928.809,
1527,18,413887.3553,2750928.809,0.002794163
724,0,398887.3553,2759928.809,
725,0,428887.3553,2778928.809,
726,0,412887.3553,2810928.809,
2791,18,407699.0466,2748014.531,0.002794163
728,0,407887.3553,2774928.809,
729,0,401055.8383,2814986.384,
730,0,408887.3553,2776928.809,
731,0,421887.3553,2797928.809,
732,0,412887.3553,2771928.809,
1685,17,410887.3553,2754928.809,0.002638932
734,0,394887.3553,2791928.809,
2010,17,413887.3553,2755928.809,0.002638932
736,0,397012.8067,2755963.484,
737,0,400887.3553,2805928.809,
2046,17,409887.3553,2749928.809,0.002638932
739,0,405887.3553,2793928.809,
2121,17,425887.3553,2753928.809,0.002638932
741,0,406887.3553,2777928.809,
2297,17,403124.7315,2752087.278,0.002638932
743,0,435013.0785,2783063.354,
744,0,424887.3553,2764928.809,
745,0,410887.3553,2806928.809,
746,0,403887.3553,2771928.809,
747,0,418887.3553,2779928.809,
748,0,422887.3553,2805928.809,
749,0,398340.0999,2807490.588,
750,0,401887.3553,2769928.809,
751,0,414887.3553,2809928.809,
752,0,420887.3553,2783928.809,
753,0,429616.8064,2813008.806,
754,0,418887.3553,2810928.809,
755,0,390887.3553,2768928.809,
756,0,409887.3553,2787928.809,
757,0,420887.3553,2801928.809,
758,0,417887.3553,2817928.809,
759,0,396887.3553,2774928.809,
760,0,429887.3553,2784928.809,
761,0,404887.3553,2778928.809,
762,0,413887.3553,2783928.809,
763,0,412887.3553,2768928.809,
764,0,427837.3375,2789893.307,
765,0,413731.359,2748399.447,
2578,17,425887.3553,2748928.809,0.002638932
767,0,402887.3553,2779928.809,
768,0,389887.3553,2777928.809,
769,0,425887.3553,2770928.809,
770,0,404887.3553,2802928.809,
771,0,424887.3553,2812928.809,
772,0,388887.3553,2782928.809,
2775,17,419887.3553,2754928.809,0.002638932
774,0,419887.3553,2778928.809,
775,0,386887.3553,2785928.809,
776,0,387887.3553,2787928.809,
777,0,387885.6489,2776010.204,
164,16,433887.3553,2756928.809,0.002483701
779,0,426887.3553,2796928.809,
780,0,415887.3553,2809928.809,
781,0,388887.3553,2768928.809,
782,0,430887.3553,2781928.809,
783,0,394887.3553,2788928.809,
784,0,394887.3553,2777928.809,
191,16,430887.3553,2756928.809,0.002483701
786,0,418887.3553,2766928.809,
787,0,428887.3553,2796928.809,
788,0,432422.2198,2778132.976,
789,0,401224.4371,2811798.949,
790,0,412887.3553,2788928.809,
288,16,414887.3553,2751928.809,0.002483701
595,16,412887.3553,2754928.809,0.002483701
793,0,406887.3553,2801928.809,
794,0,416887.3553,2805928.809,
795,0,399887.3553,2792928.809,
796,0,417887.3553,2786928.809,
797,0,417887.3553,2780928.809,
838,16,424887.3553,2746928.809,0.002483701
799,0,401887.3553,2799928.809,
800,0,433794.0074,2786853.399,
801,0,426887.255,2776928.905,
881,16,429887.3553,2759928.809,0.002483701
803,0,420887.3553,2815928.809,
804,0,396887.3553,2761928.809,
887,16,432887.3553,2747928.809,0.002483701
806,0,419887.3553,2780928.809,
807,0,409887.3553,2800928.809,
808,0,424887.3553,2783928.809,
809,0,411887.3553,2766928.809,
810,0,431843.0957,2779963.218,
811,0,412006.0612,2814988.064,
812,0,410887.3553,2801928.809,
813,0,411887.3553,2771928.809,
909,16,429887.3553,2755928.809,0.002483701
815,0,397887.3553,2794928.809,
816,0,402887.3553,2791928.809,
817,0,430887.3553,2786928.809,
818,0,392887.3553,2778928.809,
819,0,387532.7982,2762562.773,
820,0,417866.1247,2818897.928,
821,0,424887.3553,2814928.809,
1142,16,411887.3553,2754928.809,0.002483701
823,0,396887.3553,2794928.809,
824,0,407887.3553,2800928.809,
825,0,436865.9316,2782953.979,
826,0,425887.3553,2816928.809,
827,0,421887.3553,2800928.809,
828,0,386862.5921,2762759.937,
829,0,429883.3783,2788716.627,
830,0,401887.3553,2779928.809,
831,0,410887.3553,2779928.809,
832,0,403887.3553,2795928.809,
1154,16,420887.3553,2756928.809,0.002483701
834,0,394016.2375,2796982.338,
835,0,410887.3553,2761928.809,
836,0,403887.3553,2764928.809,
1307,16,409887.3553,2751928.809,0.002483701
1729,16,411887.3553,2749928.809,0.002483701
839,0,412887.3553,2782928.809,
840,0,435956.7595,2751116.58,
841,0,390887.3553,2776928.809,
842,0,407887.3553,2802928.809,
843,0,405887.3553,2813928.809,
844,0,422887.3553,2786928.809,
2145,16,427887.3553,2757928.809,0.002483701
846,0,414887.3553,2796928.809,
847,0,402887.3553,2809928.809,
848,0,401887.3553,2783928.809,
849,0,416887.3553,2782928.809,
850,0,433887.3553,2785928.809,
2150,16,414887.3553,2755928.809,0.002483701
852,0,391887.3553,2769928.809,
853,0,413887.3553,2785928.809,
854,0,425678.3774,2804965.728,
855,0,420887.3553,2784928.809,
856,0,408887.3553,2807928.809,
857,0,390887.3553,2764928.809,
858,0,403887.3553,2809928.809,
859,0,414887.3553,2790928.809,
860,0,408887.3553,2764928.809,
861,0,429887.3553,2787928.809,
183,15,425887.3553,2754928.809,0.002328469
280,15,429887.3553,2758928.809,0.002328469
723,15,427887.3553,2743928.809,0.002328469
865,0,400887.3553,2804928.809,
866,0,427887.3553,2778928.809,
957,15,419887.3553,2756928.809,0.002328469
868,0,408887.3553,2793928.809,
1092,15,416887.3553,2752928.809,0.002328469
870,0,426887.3553,2810928.809,
871,0,435084.0961,2782155.267,
1227,15,412887.3553,2758928.809,0.002328469
873,0,421887.3553,2814928.809,
874,0,413887.3553,2805928.809,
875,0,418887.3553,2771928.809,
876,0,393887.3553,2776928.809,
877,0,402887.3553,2765928.809,
878,0,433852.4715,2781887.272,
879,0,421887.3553,2808928.809,
880,0,395887.3553,2786928.809,
1526,15,409887.3553,2758928.809,0.002328469
1646,15,418887.3553,2754928.809,0.002328469
883,0,391146.4874,2770561.533,
884,0,402887.3553,2800928.809,
885,0,413887.3553,2771928.809,
886,0,403887.3553,2767928.809,
1963,15,425887.3553,2747928.809,0.002328469
888,0,412519.1158,2815612.422,
889,0,387946.7199,2779912.829,
890,0,395887.3553,2770928.809,
2232,15,412887.3553,2759928.809,0.002328469
892,0,420887.3553,2814928.809,
893,0,426887.3553,2795928.809,
894,0,413887.3553,2793928.809,
895,0,395887.3553,2790928.809,
2807,15,421887.3553,2757928.809,0.002328469
897,0,427750.7576,2793139.536,
107,14,411887.3553,2759928.809,0.002173238
899,0,417887.3553,2775928.809,
900,0,389887.3553,2764928.809,
901,0,429887.3553,2779928.809,
902,0,417887.3553,2816928.809,
903,0,403887.3553,2812928.809,
904,0,399887.3553,2793928.809,
905,0,425887.3553,2776928.809,
906,0,416887.3553,2817928.809,
907,0,420887.3553,2771928.809,
908,0,419887.3553,2773928.809,
175,14,410887.3553,2758928.809,0.002173238
910,0,415887.3553,2811928.809,
911,0,422887.3553,2816928.809,
912,0,424887.3553,2799928.809,
913,0,402887.3553,2777928.809,
914,0,401887.3553,2758928.809,
190,14,425887.3553,2755928.809,0.002173238
916,0,419887.3553,2794928.809,
1063,14,430887.3553,2759928.809,0.002173238
918,0,385887.3553,2783928.809,
919,0,393887.3553,2771928.809,
920,0,425887.3553,2796928.809,
921,0,414887.3553,2800928.809,
922,0,417887.3553,2770928.809,
1088,14,425887.3553,2757928.809,0.002173238
924,0,430574.5105,2795985.619,
925,0,401887.3553,2770928.809,
926,0,400887.3553,2785928.809,
927,0,396887.3553,2780928.809,
1112,14,431887.3553,2750928.809,0.002173238
929,0,391887.3553,2781928.809,
930,0,394887.3553,2771928.809,
931,0,401887.3553,2767928.809,
932,0,424904.0145,2817572.38,
933,0,400999.3938,2755054.886,
934,0,418887.3553,2789928.809,
935,0,413865.4211,2812646.38,
936,0,389887.3553,2776928.809,
937,0,395887.3553,2775928.809,
938,0,423887.3553,2798928.809,
939,0,418887.3553,2806928.809,
940,0,404887.3553,2811928.809,
941,0,398887.3553,2757928.809,
942,0,405887.3553,2771928.809,
943,0,403887.3553,2804928.809,
1548,14,424887.3553,2759928.809,0.002173238
945,0,421887.3553,2815928.809,
946,0,400887.3553,2803928.809,
947,0,422887.3553,2782928.809,
948,0,410887.3553,2777928.809,
949,0,409887.3553,2784928.809,
950,0,423887.3553,2811928.809,
951,0,407887.3553,2799928.809,
952,0,411887.3553,2791928.809,
953,0,416887.3553,2808928.809,
954,0,422887.3553,2790928.809,
955,0,408887.3553,2778928.809,
1726,14,423887.3553,2759928.809,0.002173238
1800,14,425887.3553,2758928.809,0.002173238
958,0,412887.3553,2776928.809,
959,0,422887.3553,2793928.809,
960,0,415887.3553,2770928.809,
961,0,417887.3553,2782928.809,
962,0,392887.3553,2774928.809,
963,0,405887.3553,2786928.809,
2006,14,421091.013,2747009.782,0.002173238
965,0,397887.3553,2760928.809,
966,0,411887.3553,2786928.809,
967,0,406887.3553,2797928.809,
968,0,384905.9571,2784948.293,
969,0,411887.3553,2792928.809,
2168,14,414887.3553,2752928.809,0.002173238
971,0,390887.3553,2779928.809,
972,0,426827.9132,2791933.625,
973,0,401887.3553,2794928.809,
974,0,394887.3553,2781928.809,
975,0,435885.0658,2751930.983,
2310,14,403887.3553,2755928.809,0.002173238
977,0,417887.3553,2785928.809,
978,0,411887.3553,2788928.809,
979,0,412887.3553,2775928.809,
980,0,421887.3553,2790928.809,
981,0,433454.5463,2788509.628,
982,0,415887.3553,2765928.809,
983,0,411887.3553,2780928.809,
984,0,403887.3553,2798928.809,
985,0,402887.3553,2802928.809,
986,0,422887.3553,2797928.809,
84,13,429887.3553,2752928.809,0.002018007
988,0,416887.3553,2810928.809,
989,0,420887.3553,2767928.809,
990,0,394887.3553,2780928.809,
991,0,423887.3553,2782928.809,
992,0,412887.3553,2796928.809,
993,0,428853.9961,2788792.688,
994,0,407887.3553,2796928.809,
995,0,423887.3553,2806928.809,
401,13,401971.9046,2754020.045,0.002018007
997,0,412887.3553,2764928.809,
998,0,397887.3553,2773928.809,
999,0,394887.3553,2782928.809,
1000,0,421887.3553,2750928.809,
1001,0,419887.3553,2788928.809,
1002,0,408887.3553,2810928.809,
1003,0,423887.3553,2773928.809,
1004,0,423887.3553,2771928.809,
1005,0,420887.3553,2752928.809,
1006,0,414887.3553,2767928.809,
672,13,415887.3553,2753928.809,0.002018007
1008,0,413887.3553,2795928.809,
1009,0,403887.3553,2813928.809,
1010,0,412887.3553,2794928.809,
1011,0,403887.3553,2811928.809,
1012,0,426887.3553,2786928.809,
1013,0,419887.3553,2812928.809,
1014,0,420887.3553,2789928.809,
1015,0,404887.3553,2767928.809,
1016,0,423887.3553,2795928.809,
1017,0,391887.3553,2765928.809,
1018,0,401887.3553,2798928.809,
1019,0,409887.3553,2778928.809,
685,13,422887.3553,2760928.809,0.002018007
1021,0,393887.3553,2765928.809,
1022,0,431887.3553,2783928.809,
1023,0,416887.3553,2783928.809,
1024,0,393994.8427,2797730.358,
1025,0,407887.3553,2783928.809,
1026,0,405887.3553,2784928.809,
1027,0,430804.8584,2778258.795,
1028,0,389887.3553,2781928.809,
1029,0,428887.3553,2787928.809,
1030,0,392887.3553,2767928.809,
714,13,427810.257,2770005.21,0.002018007
1032,0,407887.3553,2786928.809,
1033,0,414956.8463,2817024.765,
1034,0,400900.1368,2810904.374,
1035,0,414887.3553,2780928.809,
1036,0,394887.3553,2773928.809,
1037,0,420887.3553,2763928.809,
1038,0,396887.3553,2784928.809,
1039,0,397887.3553,2777928.809,
1040,0,401887.3553,2814928.809,
1041,0,427887.3553,2782928.809,
1042,0,404887.3553,2795928.809,
802,13,430887.3553,2746928.809,0.002018007
1044,0,397887.3553,2790928.809,
1045,0,407887.3553,2780928.809,
1046,0,406887.3553,2796928.809,
1047,0,437493.553,2784492.096,
1048,0,412887.3553,2795928.809,
822,13,424887.3553,2757928.809,0.002018007
1050,0,386890.9903,2778922.179,
970,13,431887.3553,2747928.809,0.002018007
1052,0,406887.3553,2786928.809,
1053,0,411887.3553,2796928.809,
1054,0,426887.3553,2813928.809,
1055,0,422887.3553,2769928.809,
1130,13,406887.3553,2755928.809,0.002018007
1426,13,423887.3553,2757928.809,0.002018007
1058,0,400887.3553,2762928.809,
1059,0,408887.3553,2797928.809,
1704,13,420887.3553,2759928.809,0.002018007
1061,0,410887.3553,2765928.809,
1062,0,420887.3553,2750928.809,
1947,13,427887.3553,2754928.809,0.002018007
1064,0,406887.3553,2799928.809,
1065,0,396887.3553,2796928.809,
1066,0,405887.3553,2803928.809,
1067,0,421787.9053,2746338.194,
1068,0,429738.2762,2797690.097,
1069,0,409887.3553,2782928.809,
1070,0,407887.3553,2791928.809,
1071,0,423354.9026,2745460.107,
2013,13,429887.3553,2745928.809,0.002018007
1073,0,398887.3553,2793928.809,
1074,0,409887.3553,2803928.809,
1075,0,409887.3553,2793928.809,
1076,0,417887.3553,2792928.809,
1077,0,391887.3553,2762928.809,
1078,0,392887.3553,2759928.809,
1079,0,427643.0801,2762978.101,
2064,13,422887.3553,2747928.809,0.002018007
1081,0,388887.3553,2780928.809,
2141,13,415887.3553,2755928.809,0.002018007
1083,0,407887.3553,2811928.809,
1084,0,409887.3553,2772928.809,
1085,0,416887.3553,2767928.809,
2322,13,430887.3553,2751928.809,0.002018007
1087,0,399783.3761,2755126.409,
2372,13,411903.1771,2749005.252,0.002018007
1089,0,404887.3553,2779928.809,
1090,0,426886.8843,2792929.277,
2808,13,429887.3553,2747928.809,0.002018007
2821,13,428887.3553,2744928.809,0.002018007
1093,0,430887.3553,2784928.809,
359,12,424887.3553,2751928.809,0.001862776
400,12,412887.3553,2750928.809,0.001862776
1096,0,418887.3553,2774928.809,
1097,0,403887.3553,2806928.809,
1098,0,427887.3553,2787928.809,
1099,0,390220.484,2772940.307,
1100,0,416011.4819,2819888.581,
609,12,419887.3553,2759928.809,0.001862776
1102,0,399887.3553,2807928.809,
1103,0,393887.3553,2777928.809,
1104,0,392887.3553,2779928.809,
1105,0,393887.3553,2781928.809,
1106,0,406887.3553,2784928.809,
1107,0,433852.0424,2749975.767,
1108,0,427887.3553,2813928.809,
1109,0,399887.3553,2803928.809,
1110,0,391887.3553,2782928.809,
1111,0,406887.3553,2771928.809,
643,12,429887.3553,2748928.809,0.001862776
1113,0,402887.3553,2794928.809,
1114,0,408887.3553,2775928.809,
1115,0,426528.5091,2801704.853,
928,12,427887.3553,2749928.809,0.001862776
1117,0,401833.9747,2816956.307,
1118,0,420887.3553,2811928.809,
1119,0,384940.459,2783882.441,
1518,12,426887.3553,2754928.809,0.001862776
1121,0,415887.3553,2815928.809,
1648,12,427887.3553,2746928.809,0.001862776
1123,0,417887.3553,2791928.809,
1124,0,399887.3553,2785928.809,
2269,12,411887.3553,2752928.809,0.001862776
1126,0,429887.3553,2780928.809,
1127,0,424887.3553,2816928.809,
1128,0,392028.4379,2791784.701,
2291,12,412887.3553,2752928.809,0.001862776
2312,12,402887.3553,2754928.809,0.001862776
1131,0,417887.3553,2769928.809,
1132,0,415887.3553,2787928.809,
1133,0,389887.8667,2757929.928,
1134,0,400887.3553,2770928.809,
1135,0,407637.6375,2815497.468,
1136,0,417887.3553,2767928.809,
1137,0,419887.3553,2803928.809,
1138,0,400887.3553,2802928.809,
1139,0,423887.3553,2807928.809,
1140,0,394887.3553,2769928.809,
1141,0,437625.5934,2759128.114,
2550,12,427887.3553,2748928.809,0.001862776
1143,0,404887.3553,2805928.809,
1144,0,424887.3553,2774928.809,
1145,0,384887.3553,2787928.809,
1146,0,421887.3553,2783928.809,
2620,12,426887.3553,2746928.809,0.001862776
1148,0,398887.3553,2769928.809,
1149,0,416887.3553,2796928.809,
1150,0,398344.9854,2798480.028,
1151,0,395887.3553,2792928.809,
1152,0,415887.3553,2767928.809,
1153,0,402887.3553,2780928.809,
2711,12,434887.3553,2757928.809,0.001862776
1155,0,402887.3553,2797928.809,
1156,0,390887.3553,2781928.809,
1157,0,413887.3553,2766928.809,
1158,0,409887.3553,2788928.809,
1159,0,400887.3553,2784928.809,
1160,0,405887.3553,2807928.809,
1161,0,384950.6097,2783004.065,
1162,0,415887.3553,2792928.809,
1163,0,403887.3553,2797928.809,
1164,0,399887.3553,2795928.809,
1165,0,424887.3553,2811928.809,
1166,0,402887.3553,2801928.809,
1167,0,404887.3553,2769928.809,
1168,0,414477.3029,2749342.832,
2770,12,422887.3553,2758928.809,0.001862776
1170,0,394887.3553,2760928.809,
1171,0,396887.3553,2768928.809,
1172,0,419887.3553,2787928.809,
1173,0,406887.3553,2804928.809,
1174,0,401887.3553,2786928.809,
1175,0,408887.3553,2782928.809,
1176,0,391887.3553,2786928.809,
1177,0,396364.918,2798471.891,
2832,12,429887.3553,2760928.809,0.001862776
2840,12,413887.3553,2749928.809,0.001862776
1180,0,412887.3553,2777928.809,
1181,0,423887.3553,2744928.809,
1182,0,388887.3553,2784928.809,
1183,0,428763.522,2799561.879,
1184,0,401887.3553,2787928.809,
1185,0,415887.3553,2803928.809,
1186,0,386887.3553,2784928.809,
1187,0,424887.3553,2810928.809,
1188,0,388887.3553,2779928.809,
1189,0,412887.3553,2769928.809,
1190,0,390993.6835,2757144.094,
1191,0,402887.3553,2792928.809,
1192,0,438451.8121,2756985.688,
1193,0,410887.3553,2774928.809,
1194,0,423028.8655,2819545.773,
1195,0,400887.3553,2776928.809,
1196,0,396887.3553,2758928.809,
1197,0,387978.8514,2765241.388,
1198,0,432887.3553,2782928.809,
1199,0,412887.3553,2792928.809,
1200,0,398997.0777,2798846.727,
1201,0,400887.3553,2797928.809,
31,11,418887.3553,2753928.809,0.001707544
1203,0,414887.3553,2797928.809,
1204,0,420887.3553,2794928.809,
1205,0,397887.3553,2757928.809,
1206,0,429860.9981,2796908.837,
1207,0,405887.3553,2764928.809,
1208,0,413887.3553,2790928.809,
1209,0,408887.3553,2795928.809,
1210,0,396887.3553,2770928.809,
1211,0,402887.3553,2787928.809,
229,11,409887.3553,2752928.809,0.001707544
1213,0,419887.3553,2774928.809,
1214,0,402887.3553,2803928.809,
1215,0,418887.3553,2799928.809,
333,11,415887.3553,2751928.809,0.001707544
389,11,420887.3553,2757928.809,0.001707544
1218,0,415887.3553,2795928.809,
1219,0,393887.3553,2782928.809,
444,11,421887.3553,2755928.809,0.001707544
1221,0,419887.3553,2790928.809,
478,11,415887.3553,2752928.809,0.001707544
1223,0,388887.3553,2778928.809,
612,11,410887.3553,2759928.809,0.001707544
1225,0,409887.3553,2777928.809,
1226,0,402887.3553,2774928.809,
805,11,434844.0018,2760863.213,0.001707544
1228,0,425870.2796,2767947.347,
1229,0,426467.0727,2807130.951,
1230,0,407887.3553,2792928.809,
1231,0,399940.2112,2808884.206,
1232,0,424887.3553,2775928.809,
1233,0,394887.3553,2772928.809,
1234,0,398887.3553,2795928.809,
1202,11,429887.3553,2746928.809,0.001707544
1236,0,408887.3553,2784928.809,
1237,0,425887.3553,2786928.809,
1238,0,399930.8131,2801902.031,
1239,0,400887.3553,2799928.809,
1240,0,428453.2453,2811371.207,
1241,0,417887.3553,2815928.809,
1242,0,412887.3553,2787928.809,
1243,0,409887.3553,2796928.809,
1244,0,423850.8184,2743018.988,
1245,0,416887.3553,2809928.809,
1246,0,420887.3553,2749928.809,
1323,11,421887.3553,2759928.809,0.001707544
1248,0,429519.7255,2744315.68,
1249,0,420887.3553,2800928.809,
1250,0,420887.3553,2802928.809,
1251,0,419887.3553,2770928.809,
1252,0,408887.3553,2813928.809,
1253,0,392887.3553,2789928.809,
1382,11,414887.3553,2753928.809,0.001707544
1255,0,392887.3553,2762928.809,
1256,0,390887.3553,2767928.809,
1801,11,430887.3553,2754928.809,0.001707544
1258,0,409887.3553,2798928.809,
1259,0,412887.3553,2784928.809,
1260,0,421887.3553,2816928.809,
1261,0,429832.7519,2778070.139,
2113,11,425887.3553,2751928.809,0.001707544
1263,0,405887.3553,2789928.809,
1264,0,398887.3553,2784928.809,
1265,0,411887.3553,2806928.809,
1266,0,418887.3553,2805928.809,
1267,0,407887.3553,2794928.809,
1268,0,425887.3553,2812928.809,
1269,0,416887.3553,2772928.809,
1270,0,391209.7168,2791530.721,
1271,0,429887.3553,2785928.809,
1272,0,386228.8766,2766972.63,
1273,0,405887.3553,2769928.809,
2135,11,402887.3553,2755928.809,0.001707544
1275,0,425867.2142,2800933.791,
1276,0,395887.3553,2773928.809,
2231,11,419887.3553,2755928.809,0.001707544
1278,0,437545.9383,2783116.112,
2266,11,426887.3553,2758928.809,0.001707544
1280,0,417887.3553,2797928.809,
2332,11,412887.3553,2753928.809,0.001707544
1282,0,411887.3553,2794928.809,
1283,0,397887.3553,2783928.809,
1284,0,419887.3553,2816928.809,
2588,11,405887.3553,2754928.809,0.001707544
1286,0,387887.3553,2778928.809,
1287,0,390887.3553,2788928.809,
1288,0,416887.3553,2766928.809,
1289,0,407887.3553,2772928.809,
1290,0,397887.3553,2780928.809,
1291,0,414887.3553,2784928.809,
1292,0,398887.3553,2767928.809,
1293,0,424887.3553,2788928.809,
1294,0,386887.3553,2788928.809,
1295,0,392887.3553,2772928.809,
1296,0,399887.3553,2786928.809,
1297,0,410887.3553,2804928.809,
1298,0,394887.3553,2783928.809,
1299,0,426887.3553,2783928.809,
1300,0,430887.3553,2783928.809,
1301,0,414887.3553,2814928.809,
1302,0,419887.3553,2813928.809,
1303,0,424887.3553,2767928.809,
1304,0,421349.7612,2746404.99,
1305,0,422887.3553,2776928.809,
1306,0,412937.7178,2811874.488,
2621,11,426887.3553,2743928.809,0.001707544
1308,0,395887.3553,2787928.809,
1309,0,401887.3553,2807928.809,
1310,0,422887.3553,2804928.809,
1311,0,421887.3553,2787928.809,
1312,0,429887.3553,2783928.809,
1313,0,425887.3553,2771928.809,
225,10,425887.3553,2745928.809,0.001552313
1315,0,397887.3553,2787928.809,
1316,0,424887.3553,2768928.809,
1317,0,422887.3553,2792928.809,
1318,0,404887.3553,2776928.809,
1319,0,393887.3553,2790928.809,
1320,0,399887.3553,2775928.809,
1321,0,420887.3553,2773928.809,
300,10,414819.4502,2750001.953,0.001552313
773,10,418887.3553,2759928.809,0.001552313
1324,0,423887.3553,2767928.809,
1325,0,406887.3553,2775928.809,
1326,0,422887.3553,2810928.809,
1327,0,416887.3553,2795928.809,
1328,0,414887.3553,2775928.809,
1329,0,403887.3553,2796928.809,
1330,0,389834.0695,2760817.862,
1331,0,431887.3553,2782928.809,
1169,10,432887.3553,2749928.809,0.001552313
1333,0,397887.3553,2761928.809,
1334,0,391887.3553,2783928.809,
1216,10,430887.3553,2755928.809,0.001552313
1336,0,422887.3553,2814928.809,
1337,0,388891.1524,2760924.189,
1338,0,396887.3553,2789928.809,
1339,0,418887.3553,2811928.809,
1340,0,404887.3553,2806928.809,
1341,0,422887.3553,2775928.809,
1342,0,397887.3553,2779928.809,
1343,0,419887.3553,2810928.809,
1344,0,388889.3639,2775930.885,
1345,0,423887.3553,2799928.809,
1346,0,413887.3553,2769928.809,
1388,10,410887.3553,2749928.809,0.001552313
1348,0,418887.3553,2792928.809,
1349,0,413887.3553,2787928.809,
1350,0,416887.3553,2781928.809,
1351,0,385887.3553,2786928.809,
1352,0,399263.6863,2808569.321,
1353,0,423887.3553,2786928.809,
1354,0,395887.3553,2774928.809,
1355,0,392887.3553,2766928.809,
1429,10,435887.3553,2758928.809,0.001552313
1357,0,404887.3553,2801928.809,
1358,0,423887.3553,2810928.809,
1359,0,407887.3553,2798928.809,
1360,0,394887.3553,2774928.809,
1361,0,414887.3553,2802928.809,
1464,10,426887.3553,2749928.809,0.001552313
1363,0,400887.3553,2756928.809,
1364,0,397887.3553,2776928.809,
1365,0,425871.9379,2801914.192,
1366,0,398887.3553,2777928.809,
1367,0,392887.3553,2775928.809,
1368,0,401887.3553,2764928.809,
1539,10,416887.3553,2755928.809,0.001552313
1370,0,428887.3553,2784928.809,
1371,0,425887.3553,2779928.809,
1372,0,410887.3553,2800928.809,
1733,10,408887.3553,2750928.809,0.001552313
1374,0,411887.3553,2799928.809,
1375,0,421887.3553,2791928.809,
1917,10,422887.3553,2759928.809,0.001552313
2300,10,426887.3553,2748928.809,0.001552313
1378,0,401887.3553,2808928.809,
1379,0,419887.3553,2760928.809,
1380,0,421887.3553,2802928.809,
1381,0,411887.3553,2769928.809,
2358,10,405887.3553,2755928.809,0.001552313
1383,0,401887.3553,2768928.809,
1384,0,385563.5255,2782341.293,
1385,0,404887.3553,2793928.809,
1386,0,419887.3553,2802928.809,
1387,0,393887.3553,2786928.809,
209,9,426887.3553,2751928.809,0.001397082
1389,0,407887.3553,2795928.809,
1390,0,397887.3553,2762928.809,
1391,0,414887.3553,2804928.809,
1392,0,396887.3553,2766928.809,
364,9,431887.3553,2749928.809,0.001397082
1394,0,425887.3553,2777928.809,
1395,0,414887.3553,2792928.809,
1396,0,392921.5154,2792905.428,
1397,0,411887.3553,2772928.809,
1398,0,403887.3553,2786928.809,
587,9,413887.3553,2760928.809,0.001397082
1400,0,395887.3553,2758928.809,
1401,0,410887.3553,2788928.809,
661,9,430871.5859,2745946.326,0.001397082
1403,0,387013.0879,2776021.574,
1404,0,407887.3553,2805928.809,
1405,0,406887.3553,2773928.809,
1406,0,409887.3553,2766928.809,
1407,0,415887.3553,2766928.809,
1408,0,415442.8791,2750339.371,
1409,0,409887.3553,2783928.809,
1410,0,403887.3553,2799928.809,
1411,0,397887.3553,2763928.809,
1412,0,411887.3553,2760928.809,
670,9,407796.9015,2748988.934,0.001397082
1414,0,408887.3553,2802928.809,
1415,0,406887.3553,2766928.809,
1416,0,415887.3553,2784928.809,
1417,0,423887.3553,2814928.809,
1418,0,426858.9918,2775939.342,
1419,0,405887.3553,2809928.809,
1420,0,410887.3553,2782928.809,
1421,0,416887.3553,2815928.809,
1422,0,416887.3553,2791928.809,
1423,0,418887.3553,2793928.809,
1424,0,421887.3553,2770928.809,
1425,0,436839.8292,2757944.8,
778,9,437883.5006,2756927.388,0.001397082
1427,0,432887.3553,2787928.809,
1428,0,401887.3254,2815928.779,
1072,9,422887.3553,2757928.809,0.001397082
1095,9,425887.3553,2752928.809,0.001397082
1431,0,422887.3553,2796928.809,
1432,0,399953.7076,2809978.11,
1433,0,422887.3553,2773928.809,
1434,0,399887.3553,2797928.809,
1435,0,393887.3553,2774928.809,
1436,0,402887.3553,2762928.809,
1437,0,394933.9358,2756242.287,
1438,0,386895.2887,2760938.355,
1439,0,412887.3553,2762928.809,
1440,0,418887.3553,2780928.809,
1441,0,405887.3553,2812928.809,
1442,0,413887.3553,2804928.809,
1443,0,391914.3576,2770920.718,
1444,0,388953.7469,2764989.211,
1445,0,417887.3553,2804928.809,
1446,0,412887.3553,2797928.809,
1447,0,420887.3553,2805928.809,
1448,0,406887.3553,2772928.809,
1449,0,400887.3553,2809928.809,
1450,0,409887.3553,2775928.809,
1451,0,419887.3553,2801928.809,
1452,0,394160.5056,2795935.972,
1453,0,418887.3553,2796928.809,
1454,0,394887.3553,2785928.809,
1262,9,429887.3553,2750928.809,0.001397082
1456,0,424887.3553,2796928.809,
1457,0,405887.3553,2768928.809,
1458,0,389887.3553,2775928.809,
1459,0,398887.3553,2776928.809,
1376,9,423887.3553,2758928.809,0.001397082
1461,0,426887.3553,2784928.809,
1462,0,414887.3553,2785928.809,
1463,0,417887.3553,2768928.809,
1430,9,411887.3553,2750928.809,0.001397082
1465,0,415887.3553,2806928.809,
1466,0,397887.3553,2789928.809,
1467,0,414887.3553,2786928.809,
1468,0,410887.3553,2762928.809,
1469,0,418887.3553,2798928.809,
1470,0,412887.3553,2770928.809,
1471,0,386067.0634,2762659.011,
1472,0,420887.3553,2772928.809,
1473,0,399887.3553,2776928.809,
1474,0,431887.3553,2781928.809,
1475,0,419887.3553,2799928.809,
1476,0,432473.1277,2780294.776,
1477,0,386375.7494,2768439.715,
1478,0,426887.029,2768929.031,
1479,0,415887.3553,2814928.809,
1480,0,421887.3553,2779928.809,
1481,0,398887.3553,2774928.809,
1482,0,434554.4059,2750213.171,
1483,0,398887.3553,2760928.809,
1484,0,421887.3553,2778928.809,
1485,0,402887.3553,2806928.809,
1486,0,429715.2151,2814846.547,
1487,9,429887.3553,2754928.809,0.001397082
1488,0,417887.3553,2787928.809,
1489,0,420887.3553,2803928.809,
1490,0,421887.3553,2785928.809,
1491,0,400887.3553,2780928.809,
1678,9,410887.3553,2753928.809,0.001397082
1493,0,397887.3553,2784928.809,
1494,0,409887.3553,2791928.809,
1689,9,424887.3553,2745928.809,0.001397082
1496,0,398887.3553,2772928.809,
1497,0,403887.3553,2807928.809,
1498,0,402887.3553,2767928.809,
1499,0,409453.0551,2814479.365,
1500,0,427886.4209,2788927.863,
1501,0,419887.3553,2783928.809,
1502,0,394887.3553,2758928.809,
1503,0,424887.3553,2762928.809,
1504,0,406887.3553,2778928.809,
1505,0,411887.3553,2776928.809,
1506,0,399887.3553,2782928.809,
1507,0,404887.3553,2765928.809,
1508,0,386013.2431,2761018.6,
1509,0,416887.3553,2776928.809,
1510,0,399887.3553,2798928.809,
1511,0,411887.3553,2782928.809,
1512,0,422887.3553,2799928.809,
1513,0,401887.3553,2809928.809,
1693,9,408887.3553,2758928.809,0.001397082
1515,0,429887.3553,2781928.809,
1516,0,391887.3553,2780928.809,
1517,0,399887.3553,2761928.809,
1815,9,426887.3553,2757928.809,0.001397082
1519,0,416887.3553,2800928.809,
1520,0,406887.3553,2770928.809,
1521,0,403887.3553,2772928.809,
1522,0,388887.3553,2783928.809,
1523,0,396887.3553,2765928.809,
1524,0,400887.3553,2772928.809,
1525,0,409887.3553,2767928.809,
2177,9,426887.3553,2744928.809,0.001397082
2304,9,420887.3553,2754928.809,0.001397082
1528,0,418887.3553,2790928.809,
1529,0,421958.2518,2818661.918,
1530,0,427800.6999,2810989.306,
1531,0,391887.3553,2777928.809,
1532,0,418887.3553,2777928.809,
1533,0,426875.692,2790919.578,
1534,0,410887.3553,2783928.809,
1535,0,404887.3553,2796928.809,
1536,0,422887.3553,2802928.809,
1537,0,395887.3553,2777928.809,
1538,0,400887.3553,2768928.809,
2319,9,416887.3553,2760928.809,0.001397082
1540,0,411887.3553,2762928.809,
1541,0,402887.3553,2758928.809,
2473,9,417887.3553,2763928.809,0.001397082
1543,0,406887.3553,2795928.809,
1544,0,417887.3553,2801928.809,
1545,0,416887.3553,2790928.809,
1546,0,403887.3553,2774928.809,
2630,9,404887.3553,2754928.809,0.001397082
2665,9,431887.3553,2754928.809,0.001397082
1549,0,389887.3553,2790928.809,
1550,0,387887.3553,2759928.809,
1551,0,423887.3553,2797928.809,
1552,0,428390.8014,2789697.675,
1553,0,399887.3553,2778928.809,
1554,0,415887.3553,2773928.809,
1555,0,417887.3553,2783928.809,
2699,9,404887.3553,2756928.809,0.001397082
2762,9,403887.3553,2757928.809,0.001397082
1558,0,410887.3553,2781928.809,
1559,0,411887.3553,2767928.809,
1560,0,390887.3553,2784928.809,
1561,0,401887.3553,2813928.809,
1562,0,423887.3553,2770928.809,
2765,9,431887.3553,2748928.809,0.001397082
1564,0,401887.3553,2810928.809,
1565,0,397887.3553,2759928.809,
1566,0,422887.3553,2807928.809,
40,8,424887.3553,2747928.809,0.00124185
1568,0,413887.3553,2800928.809,
1569,0,389887.3553,2789928.809,
1570,0,421887.3553,2749928.809,
1571,0,404887.3553,2798928.809,
80,8,405002.8202,2750077.86,0.00124185
1573,0,415887.3553,2810928.809,
156,8,428887.3553,2755928.809,0.00124185
1575,0,390887.3553,2762928.809,
1576,0,429728.6152,2795120.183,
360,8,428887.3553,2756928.809,0.00124185
1578,0,400887.3553,2767928.809,
1579,0,427887.3553,2786928.809,
1580,0,400887.3553,2801928.809,
1581,0,396887.3553,2764928.809,
1582,0,435887.3553,2782928.809,
1583,0,408887.3553,2763928.809,
1584,0,394887.3553,2768928.809,
1585,0,407887.3553,2776928.809,
1586,0,413887.3553,2799928.809,
1587,0,406887.3553,2813928.809,
442,8,417887.3553,2753928.809,0.00124185
1589,0,437849.1754,2753937.084,
1590,0,404887.3553,2784928.809,
1591,0,420887.3553,2774928.809,
1592,0,405887.3553,2785928.809,
689,8,428887.3553,2759928.809,0.00124185
1594,0,436433.2466,2785491.058,
1595,0,424887.3553,2801928.809,
1596,0,391887.3553,2787928.809,
1597,0,400887.3553,2757928.809,
1598,0,407887.3553,2785928.809,
1599,0,423887.3553,2792928.809,
1600,0,405887.3553,2770928.809,
1601,0,422887.3553,2763928.809,
1602,0,406887.3553,2793928.809,
1603,0,425887.3553,2782928.809,
1604,0,415887.3553,2769928.809,
1605,0,419887.3553,2769928.809,
1606,0,386887.3553,2766928.809,
1607,0,426776.3863,2774949.048,
1608,0,408887.3553,2809928.809,
1609,0,414887.3553,2793928.809,
1610,0,401895.9329,2817832.332,
1611,0,419887.3553,2796928.809,
1612,0,407887.3553,2782928.809,
1613,0,387887.3553,2788928.809,
705,8,433826.0623,2761917.968,0.00124185
1615,0,412887.3553,2781928.809,
1616,0,387230.5155,2760072.072,
1617,0,403887.3553,2781928.809,
1618,0,407887.3553,2787928.809,
1619,0,407887.3553,2766928.809,
1620,0,404887.3553,2786928.809,
1621,0,404887.3553,2774928.809,
1622,0,421887.3553,2805928.809,
1623,0,434474.7283,2761491.084,
976,8,408907.9554,2749228.725,0.00124185
1625,0,387200.0324,2779512.353,
1626,0,425873.6222,2765914.431,
1627,0,425887.3553,2809928.809,
1628,0,428887.3553,2813928.809,
1056,8,410924.734,2749099.735,0.00124185
1630,0,408887.3553,2800928.809,
1631,0,409887.3553,2804928.809,
1632,0,420887.3553,2806928.809,
1633,0,411887.3553,2777928.809,
1634,0,410887.3553,2803928.809,
1635,0,396887.3553,2791928.809,
1636,0,397887.3553,2755928.809,
1254,8,422867.0984,2747116.018,0.00124185
1638,0,427533.4003,2810044.808,
1639,0,426887.3553,2794928.809,
1314,8,429887.3553,2751928.809,0.00124185
1641,0,403887.3553,2769928.809,
1642,0,404887.3553,2782928.809,
1624,8,431887.3553,2759928.809,0.00124185
1644,0,399887.3553,2770928.809,
1645,0,407887.3553,2810928.809,
1721,8,424887.3553,2760928.809,0.00124185
1928,8,411887.3553,2751928.809,0.00124185
2103,8,417887.3553,2759928.809,0.00124185
1649,0,395887.3553,2763928.809,
1650,0,405887.3553,2762928.809,
1651,0,401887.3553,2797928.809,
2123,8,423920.6987,2746953.92,0.00124185
1653,0,414887.3553,2811928.809,
1654,0,423887.3553,2788928.809,
1655,0,389887.3553,2784928.809,
2226,8,432887.3553,2758928.809,0.00124185
1657,0,423887.3553,2813928.809,
1658,0,417887.3553,2765928.809,
1659,0,415887.3553,2791928.809,
1660,0,399177.2577,2801424.412,
1661,0,422887.3553,2803928.809,
2430,8,427887.3553,2755928.809,0.00124185
1663,0,425887.3553,2768928.809,
1664,0,407887.3553,2768928.809,
1665,0,420887.3553,2751928.809,
1666,0,412887.3553,2783928.809,
1667,0,389887.3553,2787928.809,
1668,0,400887.3553,2808928.809,
1669,0,406887.3553,2779928.809,
1670,0,417887.3553,2812928.809,
1671,0,401314.6463,2754250.889,
1672,0,410887.3553,2785928.809,
1673,0,414887.3553,2810928.809,
1674,0,398887.3553,2771928.809,
2505,8,407887.3553,2749928.809,0.00124185
2837,8,424887.3553,2744928.809,0.00124185
1677,0,398887.3553,2797928.809,
2852,8,434887.3553,2755928.809,0.00124185
1679,0,400887.3553,2771928.809,
134,7,413887.3553,2751928.809,0.001086619
237,7,432887.3553,2750928.809,0.001086619
1682,0,422887.3553,2811928.809,
1683,0,420887.3553,2813928.809,
1684,0,408887.3553,2806928.809,
396,7,420887.3553,2755928.809,0.001086619
1686,0,419887.3553,2804928.809,
1687,0,419887.3553,2750928.809,
1688,0,412955.7031,2748360.633,
605,7,413887.3553,2759928.809,0.001086619
742,7,421887.3553,2756928.809,0.001086619
1691,0,423887.3553,2812928.809,
1043,7,406887.3553,2756928.809,0.001086619
1060,7,407887.3553,2757928.809,0.001086619
1694,0,408887.3553,2771928.809,
1695,0,421887.3553,2751928.809,
1696,0,437566.3494,2783913.483,
1697,0,399887.3553,2757928.809,
1698,0,426887.3553,2793928.809,
1699,0,422887.3553,2808928.809,
1700,0,417887.3553,2794928.809,
1701,0,412887.3553,2790928.809,
1702,0,400887.3553,2778928.809,
1703,0,428887.3553,2782928.809,
1125,7,430887.3553,2752928.809,0.001086619
1705,0,417887.3553,2774928.809,
1706,0,430887.3553,2785928.809,
1707,0,407887.3553,2767928.809,
1708,0,422887.3553,2774928.809,
1709,0,396887.3553,2772928.809,
1710,0,425887.3553,2774928.809,
1711,0,429690.2987,2813939.686,
1712,0,409887.3553,2808928.809,
1713,0,402887.3553,2776928.809,
1714,0,426735.4098,2765679.882,
1715,0,393887.3553,2758928.809,
1716,0,415887.3553,2790928.809,
1717,0,398887.3553,2785928.809,
1718,0,415887.3553,2817928.809,
1719,0,408772.1801,2814707.008,
1720,0,407887.3553,2803928.809,
1656,7,424887.3553,2750928.809,0.001086619
1722,0,403887.3553,2791928.809,
1723,0,427887.3553,2795928.809,
1724,0,399887.3553,2764928.809,
1725,0,414887.3553,2761928.809,
1692,7,418887.3553,2751928.809,0.001086619
1727,0,402887.3553,2804928.809,
1728,0,425887.3553,2811928.809,
2122,7,435887.3553,2759928.809,0.001086619
1730,0,394887.3553,2794928.809,
1731,0,389887.3553,2779928.809,
1732,0,405071.5413,2815799.611,
2156,7,404887.3553,2755928.809,0.001086619
1734,0,400887.3553,2800928.809,
1735,0,402887.3553,2814928.809,
1736,0,387887.3553,2781928.809,
2205,7,430887.3553,2753928.809,0.001086619
1738,0,390943.8508,2769872.717,
1739,0,396887.3553,2775928.809,
1740,0,400887.3553,2794928.809,
1741,0,423887.3553,2764928.809,
1742,0,400887.3553,2807928.809,
1743,0,423887.3553,2784928.809,
1744,0,424887.3553,2800928.809,
1745,0,416887.3553,2771928.809,
1746,0,384310.8452,2788786.879,
1747,0,401887.3553,2793928.809,
1748,0,391887.3553,2774928.809,
1749,0,392887.3553,2787928.809,
1750,0,417887.3553,2772928.809,
1751,0,401296.5546,2813973.525,
1752,0,421887.3553,2772928.809,
1753,0,423887.3553,2804928.809,
1754,0,424887.3553,2769928.809,
1755,0,389093.0643,2764182.84,
1756,0,384892.2208,2786930.48,
1757,0,421887.3553,2769928.809,
1758,0,437924.2277,2757531,
2227,7,402887.3553,2757928.809,0.001086619
1760,0,420887.3553,2765928.809,
1761,0,393887.3553,2767928.809,
1762,0,434887.3553,2783928.809,
1763,0,426887.3553,2771928.809,
2395,7,428807.5671,2744028.067,0.001086619
1765,0,425886.6107,2806929.514,
1766,0,437022.0626,2760730.558,
2410,7,418887.3553,2757928.809,0.001086619
2561,7,421887.3553,2760928.809,0.001086619
1769,0,423887.3553,2762928.809,
1770,0,417887.3553,2777928.809,
1771,0,415887.3553,2781928.809,
1772,0,394887.3553,2789928.809,
1773,0,408887.3553,2803928.809,
1774,0,402887.3553,2771928.809,
1775,0,392887.3553,2784928.809,
1776,0,387891.558,2767924.512,
1777,0,404887.3553,2759928.809,
1778,0,405887.3553,2760928.809,
1779,0,428887.3553,2781928.809,
131,6,428887.3553,2751928.809,0.000931388
1781,0,419887.3553,2772928.809,
1782,0,413887.3553,2802928.809,
1783,0,413887.3553,2779928.809,
1784,0,401887.3553,2761928.809,
1785,0,411887.3553,2803928.809,
1786,0,401887.3553,2811928.809,
1787,0,400887.3553,2798928.809,
1788,0,414887.3553,2766928.809,
1789,0,386879.4891,2767920.146,
1790,0,392313.3421,2792565.136,
1791,0,391887.3553,2773928.809,
1792,0,395887.3553,2778928.809,
221,6,413818.9936,2748967.773,0.000931388
1794,0,410887.3553,2787928.809,
1795,0,427569.1458,2815713.595,
1796,0,402887.3553,2782928.809,
1797,0,409887.3553,2764928.809,
1798,0,428883.5872,2814756.813,
1799,0,414894.5674,2812925.95,
267,6,428887.3553,2752928.809,0.000931388
327,6,427887.3553,2756928.809,0.000931388
1802,0,416887.3553,2818928.809,
1803,0,395887.3553,2793928.809,
1804,0,415887.3553,2812928.809,
554,6,436887.3553,2759928.809,0.000931388
1806,0,386221.0654,2779448.333,
733,6,403887.3553,2754928.809,0.000931388
1808,0,404887.3553,2783928.809,
1809,0,393887.3553,2772928.809,
1810,0,428887.3553,2786928.809,
1811,0,408887.3553,2788928.809,
1812,0,397887.3553,2781928.809,
1813,0,408887.3553,2781928.809,
1814,0,420887.3553,2785928.809,
915,6,415887.3553,2761928.809,0.000931388
1816,0,399355.224,2811473.02,
1817,0,413887.3553,2764928.809,
1007,6,429887.3553,2753928.809,0.000931388
1819,0,432887.3553,2786928.809,
1820,0,392887.3553,2770928.809,
1821,0,406887.3553,2776928.809,
1822,0,421887.3553,2774928.809,
1823,0,421887.3553,2801928.809,
1020,6,434887.3553,2756928.809,0.000931388
1825,0,404887.3553,2791928.809,
1826,0,418887.3553,2788928.809,
1827,0,409887.3553,2792928.809,
1828,0,395887.3553,2759928.809,
1829,0,411887.3553,2801928.809,
1217,6,424887.3553,2758928.809,0.000931388
1831,0,394887.3553,2764928.809,
1277,6,426887.3553,2747928.809,0.000931388
1833,0,422887.3553,2764928.809,
1834,0,423887.3553,2751928.809,
1835,0,392887.3553,2781928.809,
1836,0,419887.3553,2785928.809,
1347,6,427887.3553,2747928.809,0.000931388
1838,0,411887.3553,2763928.809,
1839,0,395887.3553,2766928.809,
1840,0,413887.3553,2801928.809,
1841,0,401887.3553,2780928.809,
1842,0,399934.6608,2802948.597,
1843,0,393969.1782,2794875.383,
1844,0,424887.3553,2793928.809,
1845,0,405887.3553,2795928.809,
1362,6,428887.3553,2749928.809,0.000931388
1847,0,428863.5955,2793960.37,
1848,0,405949.9366,2815770.738,
1849,0,387096.2444,2782008.67,
1850,0,421887.3553,2773928.809,
1851,0,392887.3553,2763928.809,
1455,6,426887.3553,2745928.809,0.000931388
1853,0,395887.3553,2771928.809,
1854,0,424887.3553,2753928.809,
1855,0,386887.3553,2786928.809,
1856,0,417887.3553,2810928.809,
1857,0,390887.3553,2778928.809,
1858,0,417887.3553,2808928.809,
1859,0,421887.3553,2810928.809,
1860,0,401254.6745,2812970.723,
1861,0,438405.6733,2754334.114,
1862,0,420887.3553,2797928.809,
1863,0,409887.3553,2768928.809,
1864,0,393887.3553,2793928.809,
1865,0,410887.3553,2786928.809,
1866,0,419887.3553,2795928.809,
1867,0,413887.3553,2767928.809,
1868,0,422887.3553,2801928.809,
1869,0,398887.3553,2791928.809,
1460,6,426887.3553,2753928.809,0.000931388
1871,0,407887.3553,2813928.809,
1872,0,406887.3553,2788928.809,
1873,0,420887.3553,2780928.809,
1874,0,407887.3553,2771928.809,
1875,0,416887.3553,2798928.809,
1876,0,422887.3553,2794928.809,
1877,0,396315.8938,2797724.177,
1878,0,418887.3553,2782928.809,
1879,0,404887.3553,2810928.809,
1880,0,413170.1282,2817947.866,
1881,0,421887.3553,2777928.809,
1882,0,384379.7927,2787261.637,
1492,6,427887.3553,2745928.809,0.000931388
1662,6,437885.0778,2752926.656,0.000931388
1680,6,434887.3553,2754928.809,0.000931388
1768,6,436887.3553,2753928.809,0.000931388
1887,0,414887.3553,2798928.809,
1837,6,423887.3553,2743928.809,0.000931388
1889,0,393354.3078,2794487.37,
1890,0,402887.3553,2783928.809,
1891,0,395887.3553,2779928.809,
1892,0,403887.3553,2773928.809,
1885,6,426887.3553,2752928.809,0.000931388
1894,0,413887.3553,2810928.809,
1895,0,432887.3553,2785928.809,
1896,0,426887.3553,2812928.809,
1897,0,394887.3553,2757928.809,
1898,0,404887.3553,2809928.809,
1899,0,397887.3553,2766928.809,
1900,0,407887.3553,2769928.809,
1901,0,405887.3553,2775928.809,
1902,0,432887.3553,2754928.809,
1903,0,415887.3553,2796928.809,
1904,0,389060.0147,2775324.869,
1905,0,415887.3553,2798928.809,
1906,0,418887.3553,2808928.809,
1907,0,426887.3553,2763928.809,
1908,0,404887.3553,2768928.809,
1909,0,409887.3553,2769928.809,
1910,0,423887.3553,2787928.809,
1911,0,388887.3553,2787928.809,
1912,0,424887.3553,2771928.809,
1913,0,387362.1641,2759371.283,
1914,0,421887.3553,2804928.809,
1915,0,405310.9836,2749243.416,
1916,0,399887.3553,2790928.809,
1934,6,425887.3553,2759928.809,0.000931388
1918,0,406887.3553,2806928.809,
1919,0,428501.3619,2793386.883,
1920,0,425887.3553,2813928.809,
1921,0,412861.558,2814856.514,
1922,0,395887.3553,2760928.809,
1923,0,420887.3553,2798928.809,
1924,0,425887.3553,2815928.809,
1925,0,425887.3553,2794928.809,
1926,0,412887.3553,2801928.809,
1927,0,413887.3553,2808928.809,
1939,6,431858.9846,2746137.782,0.000931388
1929,0,416887.3553,2814928.809,
1930,0,409887.3553,2774928.809,
1931,0,403887.3553,2800928.809,
1932,0,414330.5571,2818451.97,
1933,0,428802.9373,2812028.624,
2108,6,410887.3553,2750928.809,0.000931388
2267,6,425887.3553,2743928.809,0.000931388
1936,0,409887.3553,2807928.809,
1937,0,399887.3553,2763928.809,
1938,0,413887.3553,2784928.809,
2317,6,431887.3553,2752928.809,0.000931388
2374,6,421887.3553,2748928.809,0.000931388
1941,0,413887.3553,2761928.809,
1942,0,408887.3553,2783928.809,
1943,0,413887.3553,2806928.809,
2377,6,417887.3553,2760928.809,0.000931388
1945,0,413887.3553,2791928.809,
1946,0,396887.3553,2787928.809,
2721,6,427887.3553,2750928.809,0.000931388
1948,0,409887.3553,2789928.809,
2842,6,426887.3553,2750928.809,0.000931388
1950,0,384140.1359,2783096.391,
1951,0,397887.3553,2793928.809,
1952,0,399887.3553,2774928.809,
1953,0,414887.3553,2773928.809,
1954,0,425661.8434,2766937.952,
1955,0,388373.079,2769445.652,
1956,0,418887.3553,2772928.809,
1957,0,414887.3553,2763928.809,
1958,0,406887.3553,2764928.809,
1959,0,405887.3553,2778928.809,
1960,0,422887.3553,2772928.809,
1961,0,412887.3553,2789928.809,
245,5,435887.3553,2755928.809,0.000776156
265,5,434887.3553,2753928.809,0.000776156
1964,0,398887.3553,2763928.809,
1965,0,397887.3553,2767928.809,
1966,0,405887.3553,2798928.809,
1967,0,416887.3553,2775928.809,
1968,0,413887.3553,2796928.809,
1969,0,419887.3553,2784928.809,
1970,0,424887.3553,2791928.809,
1971,0,421887.3553,2809928.809,
1972,0,429415.9107,2799354.885,
1973,0,416887.3553,2802928.809,
1974,0,409887.3553,2786928.809,
1975,0,435887.3553,2753928.809,
1976,0,402887.3553,2761928.809,
1977,0,401887.3553,2782928.809,
488,5,432887.3553,2751928.809,0.000776156
1979,0,406887.3553,2807928.809,
1980,0,414887.3553,2783928.809,
1981,0,427531.9102,2809077.78,
1982,0,412887.3553,2763928.809,
1983,0,398887.3553,2775928.809,
1984,0,436572.8901,2782320.583,
1985,0,410887.3553,2789928.809,
1986,0,420887.3553,2766928.809,
1987,0,391887.3553,2778928.809,
636,5,417887.3553,2752928.809,0.000776156
1989,0,405887.3553,2814928.809,
1990,0,393887.3553,2763928.809,
1991,0,389887.3553,2785928.809,
872,5,417887.3553,2764928.809,0.000776156
1993,0,427887.3553,2781928.809,
1994,0,414887.3553,2808928.809,
1995,0,407887.3553,2808928.809,
1996,0,418887.3553,2775928.809,
917,5,428887.3553,2750928.809,0.000776156
1998,0,394092.5051,2756348.478,
923,5,435887.3553,2752928.809,0.000776156
2000,0,428887.3553,2785928.809,
2001,0,420887.3553,2781928.809,
2002,0,388887.3553,2759928.809,
2003,0,404887.3553,2785928.809,
2004,0,424887.3553,2778928.809,
2005,0,411887.3553,2797928.809,
956,5,403887.3553,2756928.809,0.000776156
2007,0,406887.3553,2768928.809,
2008,0,410887.3553,2763928.809,
2009,0,402887.3553,2769928.809,
1086,5,425887.3553,2760928.809,0.000776156
2011,0,421887.3553,2764928.809,
2012,0,387887.3553,2782928.809,
1094,5,416843.3183,2752041.332,0.000776156
2014,0,418887.3553,2817928.809,
2015,0,410887.3553,2807928.809,
2016,0,423887.3553,2753928.809,
2017,0,411887.3553,2775928.809,
2018,0,410887.3553,2802928.809,
2019,0,405887.3553,2794928.809,
2020,0,399887.3553,2781928.809,
2021,0,425701.7129,2802902.252,
2022,0,395887.3553,2782928.809,
2023,0,411887.3553,2773928.809,
2024,0,407887.3553,2784928.809,
2025,0,403887.3553,2759928.809,
1116,5,417973.8633,2752001.707,0.000776156
2027,0,402887.3553,2775928.809,
2028,0,433559.6454,2787886.003,
2029,0,398887.3553,2780928.809,
2030,0,416887.3553,2792928.809,
2031,0,419887.3553,2775928.809,
2032,0,417887.3553,2793928.809,
2033,0,421887.3553,2768928.809,
2034,0,419887.3553,2791928.809,
2035,0,389887.3553,2759928.809,
2036,0,405887.3553,2759928.809,
2037,0,402887.3553,2778928.809,
2038,0,393887.3553,2761928.809,
2039,0,402887.3553,2766928.809,
2040,0,387887.3553,2776928.809,
2041,0,392887.3553,2764928.809,
2042,0,429406.6152,2799447.703,
1178,5,434887.3553,2752928.809,0.000776156
2044,0,409887.3553,2802928.809,
1690,5,422887.3553,2749928.809,0.000776156
1818,5,426887.3553,2755928.809,0.000776156
2047,0,393887.3553,2770928.809,
2048,0,409887.3553,2779928.809,
2049,0,406887.3553,2785928.809,
2100,5,433688.3454,2747922.676,0.000776156
2051,0,420887.3553,2764928.809,
2362,5,430887.3553,2760928.809,0.000776156
2397,5,425887.3553,2749928.809,0.000776156
2054,0,418887.3553,2802928.809,
2055,0,422887.3553,2789928.809,
2056,0,417887.3553,2779928.809,
2455,5,428887.3553,2754928.809,0.000776156
2058,0,425887.3553,2787928.809,
2556,5,433887.3553,2750928.809,0.000776156
2060,0,414887.3553,2778928.809,
2061,0,403887.3553,2810928.809,
2062,0,405887.3553,2792928.809,
2557,5,412887.3553,2760928.809,0.000776156
2783,5,404887.3553,2757928.809,0.000776156
2065,0,397887.3553,2771928.809,
2066,0,423887.3553,2775928.809,
2067,0,408887.3553,2790928.809,
2068,0,397887.3553,2765928.809,
2069,0,425887.3553,2798928.809,
2070,0,423887.3553,2755928.809,
2071,0,409887.3553,2790928.809,
27,4,416887.3553,2761928.809,0.000620925
2073,0,416887.3553,2788928.809,
2074,0,411887.3553,2784928.809,
2075,0,418887.3553,2783928.809,
2076,0,428813.3296,2777150.751,
236,4,427887.3553,2753928.809,0.000620925
2078,0,420887.3553,2776928.809,
2079,0,400887.3553,2806928.809,
2080,0,416887.3553,2806928.809,
2081,0,411887.3553,2785928.809,
2082,0,416887.3553,2812928.809,
2083,0,401887.3553,2772928.809,
2084,0,401887.3553,2789928.809,
2085,0,423887.3553,2801928.809,
2086,0,406887.3553,2792928.809,
2087,0,430859.7455,2788668.725,
2088,0,422887.3553,2815928.809,
2089,0,424887.3553,2786928.809,
2090,0,403887.3553,2792928.809,
2091,0,424887.3553,2804928.809,
2092,0,405887.3553,2781928.809,
2093,0,423887.3553,2815928.809,
2094,0,406887.3553,2765928.809,
622,4,428887.3553,2753928.809,0.000620925
2096,0,393887.3553,2788928.809,
2097,0,405887.3553,2777928.809,
2098,0,420887.3553,2809928.809,
2099,0,389887.3553,2780928.809,
629,4,414887.3553,2759928.809,0.000620925
2101,0,389081.5752,2761562.844,
2102,0,423887.3553,2800928.809,
735,4,420887.3553,2762928.809,0.000620925
2104,0,425887.3553,2810928.809,
2105,0,392887.3553,2758928.809,
2106,0,398986.7803,2807850.986,
2107,0,426887.3553,2785928.809,
791,4,424887.3553,2756928.809,0.000620925
2109,0,401887.3553,2771928.809,
2110,0,414887.3553,2805928.809,
2111,0,390887.3553,2765928.809,
2112,0,400382.6969,2817440.416,
798,4,422887.3553,2755928.809,0.000620925
2114,0,423887.3553,2779928.809,
2115,0,386229.1841,2778951.383,
2116,0,394887.3553,2787928.809,
882,4,438502.6753,2752830.617,0.000620925
2118,0,423805.8198,2817779.042,
2119,0,387091.0618,2776820.704,
2120,0,424887.3553,2765928.809,
896,4,405887.3553,2757928.809,0.000620925
1235,4,433887.3553,2759928.809,0.000620925
1335,4,410887.3553,2751928.809,0.000620925
2124,0,388887.3553,2788928.809,
2125,0,422887.3553,2800928.809,
2126,0,424887.3553,2773928.809,
2127,0,417887.3553,2784928.809,
2128,0,398887.3553,2764928.809,
2129,0,419887.3553,2751928.809,
2130,0,419887.3553,2807928.809,
2131,0,390889.1999,2772931.011,
2132,0,394887.3553,2756928.809,
2133,0,415887.3553,2807928.809,
2134,0,403887.3553,2788928.809,
1369,4,423887.3553,2760928.809,0.000620925
1514,4,436887.3553,2755928.809,0.000620925
2137,0,417887.3553,2795928.809,
2138,0,403887.3544,2814928.808,
2139,0,419887.3553,2811928.809,
2140,0,422887.3553,2779928.809,
1935,4,436887.3553,2752928.809,0.000620925
2142,0,411883.3004,2811646.199,
2143,0,421887.3553,2771928.809,
2144,0,399887.3553,2783928.809,
1949,4,428887.3553,2747928.809,0.000620925
2146,0,397887.3553,2756928.809,
2147,0,413887.3553,2803928.809,
2148,0,420887.3553,2804928.809,
2149,0,426865.9572,2768124.267,
1992,4,424887.3553,2763928.809,0.000620925
2151,0,390292.299,2773957.77,
2026,4,437820.3166,2759913.819,0.000620925
2053,4,409887.3553,2750928.809,0.000620925
2154,0,417887.3553,2798928.809,
2155,0,409887.3553,2773928.809,
2059,4,408887.3553,2759928.809,0.000620925
2063,4,425887.3553,2744928.809,0.000620925
2158,0,399887.3553,2780928.809,
2159,0,395887.3553,2795928.809,
2160,0,400887.3553,2760928.809,
2161,0,408887.3553,2780928.809,
2162,0,411887.3553,2800928.809,
2153,4,428887.3553,2746928.809,0.000620925
2164,0,413887.3553,2794928.809,
2246,4,412887.7399,2748929.204,0.000620925
2166,0,387887.1539,2760928.604,
2167,0,406887.3553,2798928.809,
2279,4,412887.3553,2751928.809,0.000620925
2169,0,389887.3553,2767928.809,
2170,0,411887.3553,2781928.809,
2171,0,399887.3553,2787928.809,
2172,0,403887.3553,2779928.809,
2173,0,396887.3553,2767928.809,
2174,0,414887.3553,2764928.809,
2175,0,405887.3553,2763928.809,
2176,0,427887.3553,2780928.809,
2313,4,401887.3553,2754928.809,0.000620925
2178,0,421887.3553,2806928.809,
2179,0,396887.3553,2779928.809,
2180,0,401887.3553,2812928.809,
2619,4,432732.8731,2746237.106,0.000620925
2182,0,427483.9816,2768226.648,
2183,0,421887.3553,2788928.809,
2184,0,425809.7678,2805955.433,
2185,0,407887.3553,2804928.809,
2186,0,401887.3553,2766928.809,
2753,4,417887.3553,2761928.809,0.000620925
2188,0,397908.5837,2754960.535,
2189,0,415887.3553,2777928.809,
2190,0,399887.3553,2760928.809,
2191,0,427519.4511,2790577.413,
2192,0,399887.3553,2769928.809,
2193,0,401887.3553,2790928.809,
2194,0,400887.3553,2777928.809,
2195,0,423887.3553,2789928.809,
2196,0,410887.3553,2764928.809,
2197,0,416887.3553,2764928.809,
2198,0,405887.3553,2788928.809,
2199,0,409887.3553,2763928.809,
2200,0,393887.3553,2792928.809,
2201,0,404887.3553,2764928.809,
2202,0,405887.3553,2779928.809,
2203,0,391887.3553,2760928.809,
2204,0,390988.2879,2762005.452,
2755,4,418887.3553,2761928.809,0.000620925
2206,0,437593.4163,2760630.554,
2207,0,413887.3553,2777928.809,
2208,0,408887.3553,2811928.809,
2209,0,407887.3553,2797928.809,
2210,0,421887.3553,2776928.809,
2211,0,432887.3553,2760928.809,
2212,0,399361.9299,2810347.489,
2213,0,395887.3553,2757928.809,
2214,0,426829.1471,2799798.369,
2215,0,398263.1963,2807167.752,
2216,0,406887.3553,2811928.809,
2217,0,419887.3553,2806928.809,
2218,0,399887.3553,2756928.809,
2219,0,399887.3553,2772928.809,
2220,0,398887.3553,2779928.809,
2221,0,400887.3553,2781928.809,
2222,0,411887.3553,2805928.809,
2223,0,423887.3553,2768928.809,
2224,0,387887.3553,2785928.809,
2225,0,400887.3553,2816928.809,
2812,4,433887.3553,2755928.809,0.000620925
87,3,404082.0944,2750297.536,0.000465694
2228,0,400887.3553,2763928.809,
2229,0,425887.3553,2775928.809,
2230,0,423008.5916,2743093.166,
141,3,420887.3553,2760928.809,0.000465694
147,3,401887.3553,2755928.809,0.000465694
185,3,435887.3553,2754928.809,0.000465694
2234,0,396887.3553,2757928.809,
2235,0,418887.3553,2795928.809,
214,3,425887.3553,2746928.809,0.000465694
2237,0,427489.1862,2816785.307,
2238,0,423887.3553,2769928.809,
2239,0,415887.3553,2785928.809,
2240,0,400887.3553,2779928.809,
2241,0,398887.3553,2756928.809,
2242,0,421887.3553,2762928.809,
2243,0,390887.3553,2758928.809,
2244,0,418887.3553,2776928.809,
2245,0,394887.3553,2790928.809,
330,3,431887.3553,2760928.809,0.000465694
2247,0,390887.3553,2774928.809,
2248,0,420887.3553,2775928.809,
2249,0,419887.3553,2781928.809,
2250,0,385887.3553,2787928.809,
449,3,412887.3553,2749928.809,0.000465694
2252,0,426887.3553,2781928.809,
2253,0,410887.3553,2767928.809,
2254,0,398952.2903,2805952.885,
2255,0,407887.3553,2762928.809,
2256,0,416887.3553,2797928.809,
2257,0,417887.3553,2807928.809,
2258,0,417887.3553,2790928.809,
2259,0,423887.3553,2802928.809,
2260,0,391887.3553,2758928.809,
2261,0,420887.3553,2812928.809,
2262,0,423887.3553,2783928.809,
2263,0,404887.3553,2813928.809,
2264,0,415887.3553,2768928.809,
2265,0,418887.3553,2813928.809,
553,3,428887.3553,2748928.809,0.000465694
562,3,397127.0328,2755014.673,0.000465694
2268,0,409887.3553,2771928.809,
833,3,413887.3553,2752928.809,0.000465694
898,3,432887.3553,2752928.809,0.000465694
2271,0,394887.3553,2762928.809,
2272,0,427887.3553,2798928.809,
2273,0,394887.3553,2766928.809,
2274,0,406887.3553,2808928.809,
2275,0,421887.3553,2782928.809,
2276,0,429960.3059,2761616.409,
2277,0,395887.3553,2785928.809,
2278,0,413887.3553,2781928.809,
1179,3,416887.3553,2763928.809,0.000465694
2280,0,427748.8342,2772865.828,
2281,0,392887.3553,2782928.809,
2282,0,397887.3553,2768928.809,
1212,3,427887.3553,2752928.809,0.000465694
2284,0,406887.3553,2790928.809,
2285,0,424887.3553,2797928.809,
2286,0,400887.3553,2786928.809,
2287,0,435795.9873,2785766.157,
2288,0,417887.3553,2773928.809,
1220,3,431887.3553,2756928.809,0.000465694
2290,0,414173.3593,2815552.981,
1285,3,437829.0352,2754897.589,0.000465694
1547,3,408887.3553,2749928.809,0.000465694
2293,0,385172.6671,2782344.016,
2294,0,427887.3553,2783928.809,
2295,0,420887.3553,2795928.809,
1563,3,425887.3553,2750928.809,0.000465694
1574,3,409902.663,2749201.041,0.000465694
2298,0,409887.3553,2797928.809,
2299,0,393887.3553,2775928.809,
1588,3,419887.3553,2753928.809,0.000465694
2301,0,421019.9768,2747909.4,
2302,0,426887.3553,2788928.809,
2303,0,409644.0115,2813852.412,
1793,3,433887.3553,2753928.809,0.000465694
2305,0,401887.3553,2800928.809,
2306,0,406887.3553,2805928.809,
2307,0,424887.3553,2789928.809,
2308,0,400887.3553,2758928.809,
2309,0,402887.3553,2772928.809,
1830,3,436887.3553,2754928.809,0.000465694
2311,0,426887.3553,2814928.809,
1886,3,428703.2544,2770141.992,0.000465694
1999,3,426887.3553,2769928.809,0.000465694
2314,0,426876.5932,2808939.842,
2315,0,410852.1606,2811702.313,
2316,0,405887.3553,2796928.809,
2181,3,420887.3553,2761928.809,0.000465694
2318,0,419887.3553,2749928.809,
2333,3,434789.5671,2751006.446,0.000465694
2320,0,391887.3553,2767928.809,
2321,0,400887.3553,2759928.809,
2382,3,427831.0851,2771930.752,0.000465694
2323,0,408887.3553,2772928.809,
2324,0,414887.3553,2794928.809,
2325,0,399887.3553,2779928.809,
2326,0,394887.3553,2776928.809,
2327,0,421887.3553,2796928.809,
2328,0,388887.3553,2767928.809,
2399,3,427887.3553,2751928.809,0.000465694
2330,0,425646.6316,2803916.112,
2331,0,398887.3553,2786928.809,
2400,3,424887.3553,2743928.809,0.000465694
2407,3,433887.3553,2752928.809,0.000465694
2334,0,428887.3553,2794928.809,
2335,0,396887.3553,2769928.809,
2336,0,419887.3553,2786928.809,
2337,0,400887.3553,2792928.809,
2338,0,426887.3553,2789928.809,
2339,0,414887.3553,2782928.809,
2340,0,407887.3553,2781928.809,
2341,0,400887.3553,2789928.809,
2342,0,411887.3553,2804928.809,
2343,0,393102.6583,2793787.52,
2344,0,407887.3553,2764928.809,
2345,0,385887.3553,2788928.809,
2346,0,409887.3553,2810928.809,
2347,0,432947.3625,2762725.702,
2460,3,415887.3553,2762928.809,0.000465694
2349,0,422887.3553,2809928.809,
2350,0,413887.3553,2792928.809,
2525,3,423887.3553,2761928.809,0.000465694
2352,0,397887.3553,2788928.809,
2353,0,386887.3553,2787928.809,
2354,0,404887.3553,2789928.809,
2623,3,427886.9979,2770928.459,0.000465694
2356,0,410887.3553,2769928.809,
2357,0,400887.3553,2796928.809,
2756,3,433629.3082,2747041.013,0.000465694
2359,0,385858.5917,2782963.39,
2360,0,421887.3553,2795928.809,
2361,0,409887.3553,2801928.809,
8,2,405887.3553,2756928.809,0.000310463
73,2,433887.3553,2754928.809,0.000310463
2364,0,411887.3553,2770928.809,
2365,0,394887.3553,2784928.809,
2366,0,420887.3553,2777928.809,
2367,0,417887.3553,2789928.809,
2368,0,427887.3553,2793928.809,
2369,0,425887.3553,2789928.809,
2370,0,398244.7403,2754315.584,
2371,0,388887.3553,2789928.809,
170,2,416887.3553,2762928.809,0.000310463
2373,0,403887.3553,2777928.809,
317,2,432887.3553,2753928.809,0.000310463
2375,0,421887.3553,2789928.809,
2376,0,406887.3553,2757928.809,
391,2,425887.3553,2762928.809,0.000310463
2378,0,410887.3553,2775928.809,
594,2,434887.3553,2751928.809,0.000310463
2380,0,415887.3553,2776928.809,
2381,0,395895.9375,2796902.491,
666,2,431887.3553,2753928.809,0.000310463
2383,0,391887.3553,2766928.809,
2384,0,418887.3553,2812928.809,
2385,0,423887.3553,2790928.809,
2386,0,410887.3553,2772928.809,
2387,0,418887.3553,2797928.809,
2388,0,417887.3553,2814928.809,
2389,0,384905.1854,2788908.427,
2390,0,396887.3553,2782928.809,
2391,0,413887.3553,2775928.809,
2392,0,388887.3553,2765928.809,
2393,0,403887.3553,2782928.809,
717,2,432887.3553,2761928.809,0.000310463
727,2,418889.8762,2750931.205,0.000310463
2396,0,402887.3553,2764928.809,
862,2,412887.3553,2761928.809,0.000310463
2398,0,414887.3553,2806928.809,
864,2,405887.3553,2758928.809,0.000310463
964,2,437644.6876,2755943.18,0.000310463
2401,0,396887.3553,2788928.809,
2402,0,403887.3553,2783928.809,
2403,0,402887.3553,2763928.809,
2404,0,391887.3553,2775928.809,
2405,0,409887.3553,2806928.809,
2406,0,392887.3553,2760928.809,
996,2,434887.3553,2759928.809,0.000310463
2408,0,414887.3553,2768928.809,
2409,0,389930.8302,2763972.343,
1257,2,424887.3553,2755928.809,0.000310463
2411,0,397887.3553,2786928.809,
1274,2,402887.3553,2756928.809,0.000310463
2413,0,406887.3553,2774928.809,
2414,0,399887.3553,2773928.809,
2415,0,421887.3553,2784928.809,
2416,0,416887.3553,2768928.809,
2417,0,407887.3553,2761928.809,
2418,0,416887.3553,2773928.809,
2419,0,407873.9322,2814913.792,
1356,2,407149.6646,2749111.609,0.000310463
2421,0,392887.3553,2768928.809,
2422,0,409735.5442,2812913.325,
2423,0,419887.3553,2815928.809,
2424,0,423887.3553,2794928.809,
2425,0,414142.9558,2817286.103,
2426,0,416887.3553,2777928.809,
2427,0,400887.3553,2773928.809,
2428,0,396887.3553,2771928.809,
2429,0,411887.3553,2765928.809,
1399,2,418887.3553,2760928.809,0.000310463
2431,0,425887.3553,2799928.809,
2432,0,413887.3553,2780928.809,
2433,0,422887.3553,2817928.809,
2434,0,405887.3553,2767928.809,
2435,0,413887.3553,2788928.809,
2436,0,412887.3553,2799928.809,
2437,0,416887.3553,2787928.809,
2438,0,395887.3553,2784928.809,
2439,0,394887.3553,2761928.809,
2440,0,388032.0505,2768828.785,
2441,0,391887.3553,2757928.809,
2442,0,384900.0297,2785937.046,
2443,0,398887.3553,2758928.809,
2444,0,402887.3553,2786928.809,
2445,0,414887.3553,2788928.809,
2446,0,418887.3553,2814928.809,
2447,0,415887.3553,2782928.809,
2448,0,398887.3553,2792928.809,
2449,0,409887.3553,2770928.809,
1495,2,422887.3553,2768928.809,0.000310463
2451,0,418887.3553,2794928.809,
2452,0,430471.038,2796594.165,
2453,0,391887.3553,2764928.809,
2454,0,407887.3553,2790928.809,
1542,2,415821.5149,2751030.101,0.000310463
2456,0,398887.3553,2762928.809,
2457,0,412887.3553,2765928.809,
1556,2,426878.2936,2743309.76,0.000310463
2459,0,415887.3553,2800928.809,
1577,2,426887.3553,2756928.809,0.000310463
2461,0,431887.3553,2784928.809,
2462,0,414887.3553,2765928.809,
2463,0,428887.3553,2783928.809,
1593,2,418887.3553,2762928.809,0.000310463
2465,0,384099.508,2783798.992,
2466,0,412887.3553,2773928.809,
2467,0,395887.3553,2756928.809,
2468,0,418887.3553,2763928.809,
2469,0,418887.3553,2801928.809,
2470,0,389887.3553,2782928.809,
2471,0,398887.3553,2781928.809,
2472,0,403887.3553,2766928.809,
1614,2,419887.3553,2752928.809,0.000310463
1637,2,418887.3553,2764928.809,0.000310463
2475,0,413887.3553,2789928.809,
2476,0,389887.3553,2766928.809,
2477,0,394887.3553,2792928.809,
2478,0,415925.4177,2818903.683,
1681,2,410887.3553,2760928.809,0.000310463
2480,0,420887.3553,2799928.809,
2481,0,413243.0519,2812551,
2482,0,427606.5565,2763864.625,
2483,0,395887.3553,2788928.809,
2484,0,411887.3553,2783928.809,
2485,0,424887.3553,2809928.809,
2486,0,403887.3553,2761928.809,
2487,0,390887.3553,2783928.809,
2488,0,408887.3553,2787928.809,
2489,0,407887.3553,2763928.809,
2490,0,408887.3553,2765928.809,
2491,0,404887.3553,2812928.809,
2492,0,416887.3553,2779928.809,
2493,0,428887.3553,2779928.809,
2494,0,401887.3553,2796928.809,
2495,0,416887.3553,2765928.809,
2496,0,406887.3553,2814928.809,
2497,0,422887.3553,2781928.809,
2498,0,388887.3553,2785928.809,
2499,0,403887.3553,2770928.809,
2500,0,430887.3553,2778928.809,
2501,0,415887.3553,2786928.809,
2502,0,420818.748,2818815.497,
2503,0,430929.5708,2761777.478,
2504,0,424887.3553,2782928.809,
1780,2,436883.4041,2756924.703,0.000310463
2506,0,415887.3553,2764928.809,
2507,0,396887.3553,2762928.809,
2508,0,432887.3553,2783928.809,
2509,0,410887.3553,2768928.809,
2510,0,424887.3553,2808928.809,
2511,0,403887.3553,2760928.809,
2512,0,419887.3553,2798928.809,
1888,2,430598.5468,2745269.097,0.000310463
2514,0,416887.3553,2774928.809,
2515,0,397887.3553,2772928.809,
2516,0,417887.3553,2813928.809,
2517,0,411887.3553,2789928.809,
2518,0,427887.3553,2777928.809,
2519,0,399177.7941,2804908.27,
2520,0,401887.3553,2777928.809,
2521,0,413887.3553,2765928.809,
2522,0,410887.3553,2799928.809,
2523,0,398887.3553,2788928.809,
2524,0,427873.2036,2814912.881,
2050,2,402179.7009,2753342.343,0.000310463
2526,0,405887.3553,2776928.809,
2527,0,406887.3553,2782928.809,
2528,0,419887.3553,2765928.809,
2529,0,399887.3553,2755928.809,
2530,0,393887.3553,2760928.809,
2531,0,415887.3553,2772928.809,
2532,0,412887.3553,2791928.809,
2533,0,424887.3553,2754928.809,
2534,0,388009.8098,2789756.303,
2535,0,396887.3553,2792928.809,
2536,0,389779.6582,2791523.97,
2095,2,419887.3553,2761928.809,0.000310463
2538,0,401887.3553,2773928.809,
2539,0,390894.6649,2790908.621,
2540,0,413887.3553,2773928.809,
2541,0,413896.7151,2814917.855,
2542,0,398884.073,2754932.244,
2543,0,403887.3553,2775928.809,
2544,0,418887.3553,2816928.809,
2545,0,416887.3553,2794928.809,
2546,0,419887.3553,2764928.809,
2547,0,396887.3553,2783928.809,
2548,0,417887.3553,2796928.809,
2549,0,387887.3553,2786928.809,
2157,2,423887.3553,2763928.809,0.000310463
2551,0,414887.3553,2799928.809,
2552,0,427887.3553,2811928.809,
2553,0,404887.3553,2761928.809,
2554,0,407887.3553,2801928.809,
2555,0,393887.3553,2764928.809,
2283,2,419887.3553,2762928.809,0.000310463
2363,2,425887.3553,2769928.809,0.000310463
2558,0,425887.3553,2790928.809,
2559,0,397887.3553,2795928.809,
2560,0,424887.3553,2780928.809,
2474,2,422894.6468,2743922.025,0.000310463
2562,0,409887.3553,2776928.809,
2563,0,424887.3553,2795928.809,
2564,0,403887.3553,2776928.809,
2565,0,414887.3553,2769928.809,
2566,0,425887.3553,2785928.809,
2567,0,389308.4308,2757350.962,
2568,0,412887.3553,2806928.809,
2645,2,409887.3553,2759928.809,0.000310463
2570,0,405887.3553,2797928.809,
2571,0,410887.3553,2776928.809,
2572,0,416829.1332,2819806.381,
2573,0,410887.3553,2773928.809,
2574,0,422237.4499,2743685.846,
2575,0,414887.3553,2817928.809,
2576,0,406887.3553,2809928.809,
2577,0,395887.3553,2764928.809,
2773,2,433887.3553,2760928.809,0.000310463
2579,0,398887.3553,2782928.809,
2580,0,424887.3553,2806928.809,
2581,0,412887.3553,2774928.809,
2582,0,422887.3553,2788928.809,
2583,0,421887.3553,2775928.809,
2584,0,423887.3553,2780928.809,
2585,0,419035.3561,2750015.936,
2586,0,400232.0107,2816085.174,
2587,0,414887.3553,2760928.809,
2853,2,424733.7471,2743252.011,0.000310463
2589,0,409887.3553,2762928.809,
2590,0,408887.3553,2760928.809,
2591,0,414887.3553,2779928.809,
2592,0,429403.5575,2777394.183,
2593,0,408887.3553,2766928.809,
2594,0,433887.3553,2783928.809,
2595,0,410887.3553,2796928.809,
2596,0,399887.3553,2768928.809,
2597,0,416887.3553,2780928.809,
2598,0,423887.3553,2796928.809,
2599,0,402875.354,2815895.289,
2600,0,416442.0782,2751313.991,
2601,0,417887.3553,2805928.809,
2602,0,426522.2442,2801237.095,
2603,0,405887.3553,2800928.809,
2604,0,402887.3553,2811928.809,
2605,0,403887.3553,2789928.809,
2606,0,399887.3553,2758928.809,
2607,0,420887.3553,2808928.809,
2608,0,425887.3553,2788928.809,
2609,0,404887.3553,2772928.809,
2610,0,402887.3553,2790928.809,
2611,0,405887.3553,2773928.809,
2612,0,401887.3553,2763928.809,
2613,0,413980.687,2814041.8,
2614,0,399297.5365,2810953.375,
2615,0,403887.3553,2808928.809,
116,1,422887.3553,2762928.809,0.000155231
2617,0,404887.3553,2760928.809,
2618,0,401887.3553,2778928.809,
179,1,431887.3553,2755928.809,0.000155231
238,1,424887.3553,2752928.809,0.000155231
275,1,422887.3553,2756928.809,0.000155231
322,1,427746.5423,2743353.553,0.000155231
426,1,395887.3553,2791928.809,0.000155231
2624,0,393887.3553,2766928.809,
2625,0,405887.3553,2801928.809,
2626,0,401887.3553,2803928.809,
529,1,407887.3553,2758928.809,0.000155231
2628,0,399887.3553,2784928.809,
2629,0,394887.3553,2786928.809,
535,1,415887.3553,2760928.809,0.000155231
2631,0,402887.3553,2759928.809,
2632,0,409887.3553,2780928.809,
2633,0,425999.6655,2743332.119,
2634,0,403887.3553,2778928.809,
2635,0,389915.1758,2770450.732,
2636,0,416887.3553,2816928.809,
2637,0,406887.3553,2810928.809,
2638,0,421887.3553,2786928.809,
2639,0,433745.1976,2783075.387,
2640,0,418887.3553,2804928.809,
2641,0,400887.3553,2783928.809,
558,1,424887.3553,2761928.809,0.000155231
2643,0,416887.3553,2813928.809,
2644,0,421887.3553,2792928.809,
623,1,435887.3553,2756928.809,0.000155231
2646,0,405887.3553,2782928.809,
2647,0,428887.3553,2777928.809,
2648,0,421887.3553,2817928.809,
2649,0,407887.3553,2788928.809,
2650,0,391887.3553,2785928.809,
2651,0,401887.3553,2795928.809,
2652,0,419887.3553,2805928.809,
2653,0,412887.3553,2805928.809,
2654,0,416887.3553,2769928.809,
2655,0,414887.3553,2772928.809,
2656,0,394887.3553,2778928.809,
2657,0,415887.3553,2816928.809,
2658,0,419887.3553,2793928.809,
2659,0,405887.3553,2761928.809,
2660,0,399887.3553,2767928.809,
2661,0,398887.3553,2796928.809,
2662,0,405887.3553,2804928.809,
2663,0,416887.3553,2803928.809,
2664,0,414887.3553,2781928.809,
676,1,427887.3553,2744928.809,0.000155231
2666,0,399887.3553,2766928.809,
2667,0,397887.3553,2774928.809,
2668,0,399349.8672,2803385.675,
2669,0,385808.4607,2789814.525,
2670,0,426616.914,2808018.834,
2671,0,410887.3553,2798928.809,
2672,0,431887.3553,2785928.809,
2673,0,431934.4668,2778195.925,
2674,0,410887.3553,2797928.809,
2675,0,410887.3553,2809928.809,
2676,0,393887.3553,2768928.809,
2677,0,404887.3553,2800928.809,
2678,0,390887.3553,2775928.809,
2679,0,389974.2786,2775026.088,
2680,0,388372.3215,2790446.39,
2681,0,402462.3929,2817700.875,
2682,0,396887.3553,2778928.809,
2683,0,402887.3553,2793928.809,
2684,0,426543.7615,2817520.131,
2685,0,408887.3553,2792928.809,
2686,0,400887.3553,2790928.809,
2687,0,418887.3553,2781928.809,
2688,0,397887.3553,2785928.809,
2689,0,413225.3391,2818443.644,
2690,0,422887.3553,2761928.809,
2691,0,403779.8166,2815815.473,
2692,0,402887.3553,2770928.809,
2693,0,421887.3553,2761928.809,
2694,0,396881.591,2797923.808,
2695,0,404887.3553,2807928.809,
2696,0,393887.3553,2784928.809,
2697,0,392887.3553,2771928.809,
2698,0,391887.3553,2788928.809,
814,1,432887.3553,2759928.809,0.000155231
2700,0,426887.3553,2772928.809,
2701,0,411887.3553,2778928.809,
2702,0,406887.3553,2760928.809,
2703,0,411887.3553,2808928.809,
2704,0,418887.3553,2778928.809,
2705,0,417887.3553,2802928.809,
2706,0,399887.3553,2771928.809,
2707,0,385936.3792,2761931.646,
2708,0,391887.3553,2772928.809,
2709,0,422887.3553,2784928.809,
2710,0,396887.3553,2785928.809,
837,1,435816.7576,2760642.924,0.000155231
2712,0,404887.3553,2804928.809,
2713,0,396887.3553,2781928.809,
2714,0,415887.3553,2808928.809,
2715,0,403347.4139,2751043.721,
2716,0,394887.3553,2763928.809,
2717,0,419887.3553,2809928.809,
2718,0,429887.3553,2786928.809,
851,1,432887.3553,2755928.809,0.000155231
2720,0,422887.3553,2777928.809,
867,1,427504.1428,2769182.763,0.000155231
2722,0,400036.9296,2800898.58,
2723,0,392887.3553,2777928.809,
2724,0,401887.3553,2775928.809,
2725,0,420887.3553,2791928.809,
2726,0,384339.3052,2788061.745,
944,1,400887.3553,2755928.809,0.000155231
2728,0,391887.3553,2761928.809,
2729,0,401887.3553,2806928.809,
2730,0,420887.3553,2778928.809,
2731,0,424887.3553,2781928.809,
2732,0,408887.3553,2804928.809,
2733,0,425887.3553,2778928.809,
2734,0,408887.3553,2779928.809,
2735,0,405709.8459,2749275.679,
2736,0,414887.3553,2771928.809,
2737,0,405887.3553,2772928.809,
2738,0,424887.3553,2790928.809,
2739,0,387965.049,2759086.022,
2740,0,415887.3553,2805928.809,
2741,0,405887.3553,2806928.809,
2742,0,415887.3553,2775928.809,
2743,0,404887.3553,2780928.809,
2744,0,419887.3553,2768928.809,
2745,0,413887.3553,2763928.809,
2746,0,413887.3553,2782928.809,
2747,0,419887.3553,2779928.809,
2748,0,414887.3553,2774928.809,
2749,0,410887.3553,2808928.809,
2750,0,415887.3553,2788928.809,
2751,0,408887.3553,2791928.809,
1049,1,397887.3553,2792928.809,0.000155231
1051,1,390887.3553,2785928.809,0.000155231
2754,0,398104.7295,2803985.38,
1091,1,436887.3553,2758928.809,0.000155231
1147,1,435887.3553,2757928.809,0.000155231
2757,0,419887.3553,2814928.809,
2758,0,413887.3553,2762928.809,
2759,0,407887.3553,2770928.809,
2760,0,425887.3553,2780928.809,
2761,0,412887.3553,2800928.809,
1222,1,422887.3553,2770928.809,0.000155231
2763,0,419887.3553,2767928.809,
2764,0,438454.5888,2752216.192,
1279,1,414887.3553,2762928.809,0.000155231
2766,0,390887.3553,2786928.809,
2767,0,399887.3553,2806928.809,
2768,0,391875.6456,2757128.698,
2769,0,406887.3553,2789928.809,
1322,1,426887.3553,2778928.809,0.000155231
2771,0,392887.3553,2769928.809,
2772,0,423887.3553,2774928.809,
1373,1,419887.3553,2777928.809,0.000155231
2774,0,400887.3553,2793928.809,
1567,1,417887.3553,2762928.809,0.000155231
1640,1,406887.3553,2758928.809,0.000155231
2777,0,395887.3553,2768928.809,
2778,0,401887.3553,2760928.809,
2779,0,389887.3553,2765928.809,
2780,0,428890.0812,2761496.813,
2781,0,425887.3553,2808928.809,
1647,1,423887.3553,2756928.809,0.000155231
1652,1,420887.3553,2753928.809,0.000155231
2784,0,424887.3553,2805928.809,
2785,0,399887.3553,2765928.809,
2786,0,393887.3553,2779928.809,
2787,0,415887.3553,2763928.809,
2788,0,414887.3553,2789928.809,
2789,0,426887.3553,2779928.809,
2790,0,408887.3553,2812928.809,
1675,1,425887.3553,2761928.809,0.000155231
1824,1,422887.3553,2750928.809,0.000155231
2793,0,399887.3553,2796928.809,
2794,0,411887.3553,2798928.809,
2795,0,401887.3553,2788928.809,
2796,0,402887.3553,2812928.809,
2797,0,400887.3553,2782928.809,
2798,0,403887.3553,2805928.809,
2799,0,419887.3553,2789928.809,
2800,0,388887.3553,2777928.809,
2801,0,393887.3553,2783928.809,
2802,0,432878.3131,2788558.507,
2803,0,410887.3553,2784928.809,
2804,0,420887.3553,2792928.809,
2805,0,412887.3553,2778928.809,
2806,0,423887.3553,2765928.809,
1832,1,421887.3553,2765928.809,0.000155231
2043,1,423887.3553,2754928.809,0.000155231
2809,0,421887.3553,2812928.809,
2072,1,422887.3553,2766928.809,0.000155231
2811,0,394887.3553,2796928.809,
2117,1,432887.3553,2756928.809,0.000155231
2813,0,418887.3553,2815928.809,
2814,0,424887.3553,2787928.809,
2815,0,422887.3553,2780928.809,
2816,0,395887.3553,2767928.809,
2817,0,425887.3553,2807928.809,
2818,0,413887.3553,2786928.809,
2819,0,426887.3553,2777928.809,
2820,0,414887.3553,2801928.809,
2251,1,401887.3553,2756928.809,0.000155231
2822,0,404895.3167,2814914.438,
2823,0,422887.3553,2753928.809,
2824,0,436734.9893,2784786.371,
2825,0,390226.3245,2762996.188,
2826,0,399775.5301,2811515.532,
2827,0,419887.3553,2808928.809,
2828,0,391887.3553,2784928.809,
2829,0,404887.3553,2775928.809,
2830,0,397887.3553,2791928.809,
2831,0,413887.3553,2770928.809,
2270,1,420897.4852,2748939.016,0.000155231
2833,0,406887.3553,2783928.809,
2834,0,393887.3553,2780928.809,
2835,0,395887.3553,2762928.809,
2836,0,413895.3683,2817924.687,
2348,1,437879.8277,2752148.952,0.000155231
2838,0,421887.3553,2811928.809,
2839,0,407887.3553,2760928.809,
2355,1,407270.1092,2747962.227,0.000155231
2841,0,410887.3553,2795928.809,
2412,1,422887.3553,2765928.809,0.000155231
2843,0,406887.3553,2762928.809,
2844,0,387887.3553,2765928.809,
2845,0,425887.3553,2784928.809,
2537,1,423993.153,2745901.329,0.000155231
2847,0,395887.3553,2789928.809,
2848,0,389887.3553,2786928.809,
2849,0,420887.3553,2768928.809,
2850,0,416060.5027,2820470.757,
2851,0,392887.3553,2776928.809,
2569,1,427717.5961,2761769.488,0.000155231
2622,1,426887.3553,2762928.809,0.000155231
